fname	k	membership	property_uri	column_id
1146722_1_7558140036342906956.tar.gz.csv	1	0.07743170691759972	http://dbpedia.org/ontology/eruptionYear	5.0
1146722_1_7558140036342906956.tar.gz.csv	2	0.04483900120862198	http://dbpedia.org/ontology/maximumElevation	5.0
1146722_1_7558140036342906956.tar.gz.csv	3	0.03414514238639633	http://dbpedia.org/ontology/elevation	5.0
1146722_1_7558140036342906956.tar.gz.csv	4	0.015858100573718076	http://dbpedia.org/ontology/prominence	5.0
1146722_1_7558140036342906956.tar.gz.csv	5	0.01408205633026224	http://dbpedia.org/property/photoSize	5.0
1146722_1_7558140036342906956.tar.gz.csv	6	0.013514500376816315	http://dbpedia.org/property/width	5.0
1146722_1_7558140036342906956.tar.gz.csv	7	0.012546855791445616	http://dbpedia.org/property/augPrecipitationMm	5.0
1146722_1_7558140036342906956.tar.gz.csv	8	0.012546452589181939	http://dbpedia.org/property/julPrecipitationMm	5.0
1146722_1_7558140036342906956.tar.gz.csv	9	0.012474476634189244	http://dbpedia.org/property/junPrecipitationMm	5.0
1146722_1_7558140036342906956.tar.gz.csv	10	0.012254684164367435	http://dbpedia.org/property/mayPrecipitationMm	5.0
11688006_0_8123036130090004213.tar.gz.csv	1	0.3003004280817659	http://dbpedia.org/ontology/populationTotal	2.0
11688006_0_8123036130090004213.tar.gz.csv	2	0.15195167264157494	http://dbpedia.org/property/statArea	2.0
11688006_0_8123036130090004213.tar.gz.csv	3	0.11754311421831026	http://dbpedia.org/property/pop	2.0
11688006_0_8123036130090004213.tar.gz.csv	4	0.10634518293400563	http://dbpedia.org/property/votes	2.0
11688006_0_8123036130090004213.tar.gz.csv	5	0.10575557532890435	http://dbpedia.org/property/partyVotes	2.0
11688006_0_8123036130090004213.tar.gz.csv	6	0.10522253467561855	http://dbpedia.org/property/height	2.0
11688006_0_8123036130090004213.tar.gz.csv	7	0.10466756845310847	http://dbpedia.org/property/width	2.0
11688006_0_8123036130090004213.tar.gz.csv	8	0.008151357951921321	http://dbpedia.org/property/populationCensus	2.0
11688006_0_8123036130090004213.tar.gz.csv	9	4.6155987031034516e-05	http://dbpedia.org/property/statPop	2.0
11688006_0_8123036130090004213.tar.gz.csv	10	7.923188449484824e-06	http://dbpedia.org/property/gdpNominal	2.0
11688006_0_8123036130090004213.tar.gz.csv	1	0.023965308886739232	http://dbpedia.org/property/area	3.0
11688006_0_8123036130090004213.tar.gz.csv	2	0.02265231643547814	http://dbpedia.org/property/yearLeader	3.0
11688006_0_8123036130090004213.tar.gz.csv	3	0.018022117088941525	http://dbpedia.org/property/populationDensityRank	3.0
11688006_0_8123036130090004213.tar.gz.csv	4	0.011081198550832208	http://dbpedia.org/ontology/PopulatedPlace/populationDensity	3.0
11688006_0_8123036130090004213.tar.gz.csv	5	0.011081198497017374	http://dbpedia.org/ontology/populationDensity	3.0
11688006_0_8123036130090004213.tar.gz.csv	6	0.010780655770601869	http://dbpedia.org/property/gdpPppPerCapita	3.0
11688006_0_8123036130090004213.tar.gz.csv	7	0.010780025818391723	http://dbpedia.org/property/longm	3.0
11688006_0_8123036130090004213.tar.gz.csv	8	0.01068676550850457	http://dbpedia.org/property/electors	3.0
11688006_0_8123036130090004213.tar.gz.csv	9	0.010578222759502253	http://dbpedia.org/property/latm	3.0
11688006_0_8123036130090004213.tar.gz.csv	10	0.01052967991416563	http://dbpedia.org/property/fsi	3.0
11688006_0_8123036130090004213.tar.gz.csv	1	0.2662348339166521	http://dbpedia.org/property/area	5.0
11688006_0_8123036130090004213.tar.gz.csv	2	0.16743791361013083	http://dbpedia.org/property/yearLeader	5.0
11688006_0_8123036130090004213.tar.gz.csv	3	0.03965269940875392	http://dbpedia.org/property/populationDensityRank	5.0
11688006_0_8123036130090004213.tar.gz.csv	4	0.0065090793233097705	http://dbpedia.org/property/longm	5.0
11688006_0_8123036130090004213.tar.gz.csv	5	0.006508839255676197	http://dbpedia.org/property/gdpPppPerCapita	5.0
11688006_0_8123036130090004213.tar.gz.csv	6	0.006353490081643595	http://dbpedia.org/property/electors	5.0
11688006_0_8123036130090004213.tar.gz.csv	7	0.0061943762684847515	http://dbpedia.org/property/latm	5.0
11688006_0_8123036130090004213.tar.gz.csv	8	0.006120800509867698	http://dbpedia.org/property/fsi	5.0
11688006_0_8123036130090004213.tar.gz.csv	9	0.006107959793133621	http://dbpedia.org/ontology/foundingYear	5.0
11688006_0_8123036130090004213.tar.gz.csv	10	0.006107959239676626	http://dbpedia.org/property/statYear	5.0
13395751_3_369722706637560735.tar.gz.csv	1	0.39061089767492424	http://dbpedia.org/property/width	3.0
13395751_3_369722706637560735.tar.gz.csv	2	0.16645372174951906	http://dbpedia.org/property/imageSize	3.0
13395751_3_369722706637560735.tar.gz.csv	3	0.02099904600364077	http://dbpedia.org/property/lonDeg	3.0
13395751_3_369722706637560735.tar.gz.csv	4	0.020925174925483653	http://dbpedia.org/property/longd	3.0
13395751_3_369722706637560735.tar.gz.csv	5	0.020149989558327377	http://dbpedia.org/property/mouthLongD	3.0
13395751_3_369722706637560735.tar.gz.csv	6	0.019419379937364097	http://dbpedia.org/property/longD	3.0
13395751_3_369722706637560735.tar.gz.csv	7	0.016142744049990297	http://dbpedia.org/ontology/height	3.0
13395751_3_369722706637560735.tar.gz.csv	8	0.01567864614327197	http://dbpedia.org/property/lat	3.0
13395751_3_369722706637560735.tar.gz.csv	9	0.01484563326780708	http://www.w3.org/2003/01/geo/wgs84_pos#lat	3.0
13395751_3_369722706637560735.tar.gz.csv	10	0.014122118234784358	http://dbpedia.org/property/latDeg	3.0
14311244_0_7604843865524657408.tar.gz.csv	1	0.020566447332876065	http://dbpedia.org/ontology/elevation	1.0
14311244_0_7604843865524657408.tar.gz.csv	2	0.01848357014985325	http://dbpedia.org/ontology/eruptionYear	1.0
14311244_0_7604843865524657408.tar.gz.csv	3	0.017475094701358915	http://dbpedia.org/property/cme	1.0
14311244_0_7604843865524657408.tar.gz.csv	4	0.01664937572573638	http://dbpedia.org/ontology/maximumElevation	1.0
14311244_0_7604843865524657408.tar.gz.csv	5	0.013169980656163817	http://dbpedia.org/ontology/prominence	1.0
14311244_0_7604843865524657408.tar.gz.csv	6	0.012953013817506985	http://dbpedia.org/property/photoSize	1.0
14311244_0_7604843865524657408.tar.gz.csv	7	0.012786823114118656	http://dbpedia.org/property/width	1.0
14311244_0_7604843865524657408.tar.gz.csv	8	0.012537597631878405	http://dbpedia.org/property/augPrecipitationMm	1.0
14311244_0_7604843865524657408.tar.gz.csv	9	0.0125275430771931	http://dbpedia.org/property/julPrecipitationMm	1.0
14311244_0_7604843865524657408.tar.gz.csv	10	0.01250753861574531	http://dbpedia.org/property/junPrecipitationMm	1.0
15700884_0_8204220284166767221.tar.gz.csv	1	0.23657097388394716	http://dbpedia.org/ontology/numberOfLawyers	2.0
15700884_0_8204220284166767221.tar.gz.csv	2	0.17060463364490736	http://dbpedia.org/property/time	2.0
15700884_0_8204220284166767221.tar.gz.csv	3	0.08213571623368075	http://dbpedia.org/ontology/numberOfVehicles	2.0
15700884_0_8204220284166767221.tar.gz.csv	4	0.051388180007357814	http://dbpedia.org/ontology/numberOfLocations	2.0
15700884_0_8204220284166767221.tar.gz.csv	5	0.051260867918720136	http://dbpedia.org/property/listings	2.0
15700884_0_8204220284166767221.tar.gz.csv	6	0.03582570116526117	http://dbpedia.org/property/stops	2.0
15700884_0_8204220284166767221.tar.gz.csv	7	0.035429149161968924	http://dbpedia.org/property/numLocations	2.0
15700884_0_8204220284166767221.tar.gz.csv	8	0.03475432746430741	http://dbpedia.org/ontology/numberOfStations	2.0
15700884_0_8204220284166767221.tar.gz.csv	9	0.03102988353715315	http://dbpedia.org/ontology/numberOfEpisodes	2.0
15700884_0_8204220284166767221.tar.gz.csv	10	0.03061406943728125	http://dbpedia.org/property/fleetSize	2.0
19073331_0_2742992342272078110.tar.gz.csv	1	0.9069936332024686	http://dbpedia.org/property/change	3.0
19073331_0_2742992342272078110.tar.gz.csv	2	0.05320646260812689	http://dbpedia.org/property/ballno	3.0
19073331_0_2742992342272078110.tar.gz.csv	3	0.021415082007408267	http://dbpedia.org/property/percentage	3.0
19073331_0_2742992342272078110.tar.gz.csv	4	0.011719357631661645	http://www.w3.org/2003/01/geo/wgs84_pos#lat	3.0
19073331_0_2742992342272078110.tar.gz.csv	5	0.004438735377294085	http://www.w3.org/2003/01/geo/wgs84_pos#long	3.0
19073331_0_2742992342272078110.tar.gz.csv	6	0.0006485453923917363	http://dbpedia.org/property/2p	3.0
19073331_0_2742992342272078110.tar.gz.csv	7	0.000625723361331062	http://dbpedia.org/property/logo	3.0
19073331_0_2742992342272078110.tar.gz.csv	8	0.0005581724587430761	http://dbpedia.org/property/partyLogo	3.0
19073331_0_2742992342272078110.tar.gz.csv	9	0.0003942879605274969	http://dbpedia.org/property/width	3.0
19073331_0_2742992342272078110.tar.gz.csv	10	4.710616106141648e-14	http://dbpedia.org/ontology/wikiPageID	3.0
21329809_0_5526008408364682899.tar.gz.csv	1	0.18863316453277304	http://dbpedia.org/ontology/populationMetro	3.0
21329809_0_5526008408364682899.tar.gz.csv	2	0.16825948691263318	http://dbpedia.org/ontology/populationUrban	3.0
21329809_0_5526008408364682899.tar.gz.csv	3	0.06729607177688088	http://dbpedia.org/property/pop2010census	3.0
21329809_0_5526008408364682899.tar.gz.csv	4	0.047658294305422524	http://dbpedia.org/property/data	3.0
21329809_0_5526008408364682899.tar.gz.csv	5	0.033347404289378824	http://dbpedia.org/property/votes	3.0
21329809_0_5526008408364682899.tar.gz.csv	6	0.029605084054846582	http://dbpedia.org/property/populationTotal	3.0
21329809_0_5526008408364682899.tar.gz.csv	7	0.025798566318833864	http://dbpedia.org/ontology/populationTotal	3.0
21329809_0_5526008408364682899.tar.gz.csv	8	0.023109248970379314	http://dbpedia.org/property/stat1Data	3.0
21329809_0_5526008408364682899.tar.gz.csv	9	0.022524193726540125	http://dbpedia.org/property/2011Population	3.0
21329809_0_5526008408364682899.tar.gz.csv	10	0.02248722783517127	http://dbpedia.org/property/areaDunam	3.0
21329809_0_5526008408364682899.tar.gz.csv	1	0.16121906656536797	http://dbpedia.org/ontology/populationMetro	4.0
21329809_0_5526008408364682899.tar.gz.csv	2	0.0872973348284508	http://dbpedia.org/ontology/populationUrban	4.0
21329809_0_5526008408364682899.tar.gz.csv	3	0.05053759444645977	http://dbpedia.org/property/pop2010census	4.0
21329809_0_5526008408364682899.tar.gz.csv	4	0.04111516600471542	http://dbpedia.org/property/data	4.0
21329809_0_5526008408364682899.tar.gz.csv	5	0.03444653303575191	http://dbpedia.org/ontology/wikiPageID	4.0
21329809_0_5526008408364682899.tar.gz.csv	6	0.03321400775574154	http://dbpedia.org/property/votes	4.0
21329809_0_5526008408364682899.tar.gz.csv	7	0.031076079329848117	http://dbpedia.org/property/populationTotal	4.0
21329809_0_5526008408364682899.tar.gz.csv	8	0.02827142266921273	http://dbpedia.org/ontology/populationTotal	4.0
21329809_0_5526008408364682899.tar.gz.csv	9	0.02648006433589869	http://dbpedia.org/property/stat1Data	4.0
21329809_0_5526008408364682899.tar.gz.csv	10	0.026123498827305643	http://dbpedia.org/property/areaDunam	4.0
21337553_0_8832378999628437599.tar.gz.csv	1	0.022510830786971997	http://dbpedia.org/ontology/elevation	2.0
21337553_0_8832378999628437599.tar.gz.csv	2	0.01975408492414062	http://dbpedia.org/ontology/eruptionYear	2.0
21337553_0_8832378999628437599.tar.gz.csv	3	0.017526713724784704	http://dbpedia.org/ontology/maximumElevation	2.0
21337553_0_8832378999628437599.tar.gz.csv	4	0.013402973583351593	http://dbpedia.org/ontology/prominence	2.0
21337553_0_8832378999628437599.tar.gz.csv	5	0.013050513979363172	http://dbpedia.org/property/photoSize	2.0
21337553_0_8832378999628437599.tar.gz.csv	6	0.013004783743088357	http://dbpedia.org/property/cme	2.0
21337553_0_8832378999628437599.tar.gz.csv	7	0.012874331803890122	http://dbpedia.org/property/width	2.0
21337553_0_8832378999628437599.tar.gz.csv	8	0.012599032746413281	http://dbpedia.org/property/augPrecipitationMm	2.0
21337553_0_8832378999628437599.tar.gz.csv	9	0.012591045828226354	http://dbpedia.org/property/julPrecipitationMm	2.0
21337553_0_8832378999628437599.tar.gz.csv	10	0.01256920768949747	http://dbpedia.org/property/junPrecipitationMm	2.0
24036779_0_5608105867560183058.tar.gz.csv	1	0.0818569706640649	http://dbpedia.org/ontology/PopulatedPlace/populationDensity	1.0
24036779_0_5608105867560183058.tar.gz.csv	2	0.0818569698980142	http://dbpedia.org/ontology/populationDensity	1.0
24036779_0_5608105867560183058.tar.gz.csv	3	0.046095284999035084	http://dbpedia.org/ontology/PopulatedPlace/areaTotal	1.0
24036779_0_5608105867560183058.tar.gz.csv	4	0.01452016309001315	http://dbpedia.org/property/area	1.0
24036779_0_5608105867560183058.tar.gz.csv	5	0.01405546733757947	http://dbpedia.org/property/yearLeader	1.0
24036779_0_5608105867560183058.tar.gz.csv	6	0.012272567070947066	http://dbpedia.org/property/populationDensityRank	1.0
24036779_0_5608105867560183058.tar.gz.csv	7	0.00885052595353053	http://dbpedia.org/property/longm	1.0
24036779_0_5608105867560183058.tar.gz.csv	8	0.00884988116339757	http://dbpedia.org/property/gdpPppPerCapita	1.0
24036779_0_5608105867560183058.tar.gz.csv	9	0.008797657786201103	http://dbpedia.org/property/electors	1.0
24036779_0_5608105867560183058.tar.gz.csv	10	0.00873984183551938	http://dbpedia.org/property/latm	1.0
24036779_0_5608105867560183058.tar.gz.csv	1	0.6383829976125388	http://dbpedia.org/ontology/populationTotal	4.0
24036779_0_5608105867560183058.tar.gz.csv	2	0.0717623227243396	http://dbpedia.org/property/statArea	4.0
24036779_0_5608105867560183058.tar.gz.csv	3	0.05970159051775532	http://dbpedia.org/property/pop	4.0
24036779_0_5608105867560183058.tar.gz.csv	4	0.055510509887230594	http://dbpedia.org/property/votes	4.0
24036779_0_5608105867560183058.tar.gz.csv	5	0.05529199437406777	http://dbpedia.org/property/partyVotes	4.0
24036779_0_5608105867560183058.tar.gz.csv	6	0.05507738121544873	http://dbpedia.org/property/height	4.0
24036779_0_5608105867560183058.tar.gz.csv	7	0.0548664250005287	http://dbpedia.org/property/width	4.0
24036779_0_5608105867560183058.tar.gz.csv	8	0.00934605596417923	http://dbpedia.org/property/populationCensus	4.0
24036779_0_5608105867560183058.tar.gz.csv	9	4.489221881602744e-05	http://dbpedia.org/property/statPop	4.0
24036779_0_5608105867560183058.tar.gz.csv	10	7.650700215731852e-06	http://dbpedia.org/property/gdpNominal	4.0
24850757_0_5978004733768297283.tar.gz.csv	1	0.30076795252888655	http://dbpedia.org/property/votes	1.0
24850757_0_5978004733768297283.tar.gz.csv	2	0.24401394031609577	http://dbpedia.org/property/partyVotes	1.0
24850757_0_5978004733768297283.tar.gz.csv	3	0.18916089833778385	http://dbpedia.org/property/height	1.0
24850757_0_5978004733768297283.tar.gz.csv	4	0.15804013654515553	http://dbpedia.org/property/width	1.0
24850757_0_5978004733768297283.tar.gz.csv	5	0.10218120755000233	http://dbpedia.org/property/pop	1.0
24850757_0_5978004733768297283.tar.gz.csv	6	0.00577282858975488	http://dbpedia.org/property/statArea	1.0
24850757_0_5978004733768297283.tar.gz.csv	7	5.6899877764154206e-05	http://dbpedia.org/ontology/populationTotal	1.0
24850757_0_5978004733768297283.tar.gz.csv	8	6.067715914553267e-06	http://dbpedia.org/property/populationCensus	1.0
24850757_0_5978004733768297283.tar.gz.csv	9	5.0292871540118024e-08	http://dbpedia.org/property/statPop	1.0
24850757_0_5978004733768297283.tar.gz.csv	10	8.787241660272574e-09	http://dbpedia.org/property/gdpNominal	1.0
26310680_0_5150772059999313798.tar.gz.csv	1	0.8591740719045571	http://dbpedia.org/property/isoNumber	3.0
26310680_0_5150772059999313798.tar.gz.csv	2	0.0635212024839648	http://dbpedia.org/property/width	3.0
26310680_0_5150772059999313798.tar.gz.csv	3	0.03895099739906673	http://dbpedia.org/property/imageWidth	3.0
26310680_0_5150772059999313798.tar.gz.csv	4	0.038088630914466924	http://dbpedia.org/property/cheight	3.0
26310680_0_5150772059999313798.tar.gz.csv	5	0.0002650972489321724	http://dbpedia.org/property/attendance	3.0
26310680_0_5150772059999313798.tar.gz.csv	6	4.901227283685272e-11	http://dbpedia.org/property/inflationRate	3.0
28036255_0_5705563063166785494.tar.gz.csv	1	0.05635839841649442	http://dbpedia.org/ontology/eruptionYear	1.0
28036255_0_5705563063166785494.tar.gz.csv	2	0.0552292637848525	http://dbpedia.org/ontology/elevation	1.0
28036255_0_5705563063166785494.tar.gz.csv	3	0.03528424126295873	http://dbpedia.org/ontology/maximumElevation	1.0
28036255_0_5705563063166785494.tar.gz.csv	4	0.01512732860082791	http://dbpedia.org/ontology/prominence	1.0
28036255_0_5705563063166785494.tar.gz.csv	5	0.013424565633567677	http://dbpedia.org/property/photoSize	1.0
28036255_0_5705563063166785494.tar.gz.csv	6	0.01303026834712923	http://dbpedia.org/property/width	1.0
28036255_0_5705563063166785494.tar.gz.csv	7	0.01233183487874099	http://dbpedia.org/property/julPrecipitationMm	1.0
28036255_0_5705563063166785494.tar.gz.csv	8	0.012327282900055836	http://dbpedia.org/property/augPrecipitationMm	1.0
28036255_0_5705563063166785494.tar.gz.csv	9	0.012279133624821307	http://dbpedia.org/property/junPrecipitationMm	1.0
28036255_0_5705563063166785494.tar.gz.csv	10	0.012103597183756634	http://dbpedia.org/property/mayPrecipitationMm	1.0
28154036_0_909001972154294543.tar.gz.csv	1	0.9859755254524836	http://dbpedia.org/property/1p	3.0
28154036_0_909001972154294543.tar.gz.csv	2	0.01386280889981367	http://dbpedia.org/property/strength	3.0
28154036_0_909001972154294543.tar.gz.csv	3	0.00014364275261880412	http://dbpedia.org/property/votes	3.0
28154036_0_909001972154294543.tar.gz.csv	4	1.3418253888737285e-05	http://dbpedia.org/property/seats	3.0
28154036_0_909001972154294543.tar.gz.csv	5	4.604641195250234e-06	http://dbpedia.org/property/membership	3.0
28993628_1_6072768612274729703.tar.gz.csv	1	0.07843744737599163	http://dbpedia.org/ontology/eruptionYear	2.0
28993628_1_6072768612274729703.tar.gz.csv	2	0.0444136338299451	http://dbpedia.org/ontology/elevation	2.0
28993628_1_6072768612274729703.tar.gz.csv	3	0.043789397212402575	http://dbpedia.org/ontology/maximumElevation	2.0
28993628_1_6072768612274729703.tar.gz.csv	4	0.015629410438764594	http://dbpedia.org/ontology/prominence	2.0
28993628_1_6072768612274729703.tar.gz.csv	5	0.013635626318593101	http://dbpedia.org/property/photoSize	2.0
28993628_1_6072768612274729703.tar.gz.csv	6	0.013152063615555752	http://dbpedia.org/property/width	2.0
28993628_1_6072768612274729703.tar.gz.csv	7	0.012297541967375081	http://dbpedia.org/property/julPrecipitationMm	2.0
28993628_1_6072768612274729703.tar.gz.csv	8	0.012291307662811099	http://dbpedia.org/property/augPrecipitationMm	2.0
28993628_1_6072768612274729703.tar.gz.csv	9	0.01223360802726583	http://dbpedia.org/property/junPrecipitationMm	2.0
28993628_1_6072768612274729703.tar.gz.csv	10	0.012018863525978533	http://dbpedia.org/property/mayPrecipitationMm	2.0
29886325_0_1448173912684571475.tar.gz.csv	1	0.153713847952785	http://dbpedia.org/ontology/populationMetro	3.0
29886325_0_1448173912684571475.tar.gz.csv	2	0.10451734703649908	http://dbpedia.org/ontology/populationUrban	3.0
29886325_0_1448173912684571475.tar.gz.csv	3	0.06362297948757693	http://dbpedia.org/property/pop2010census	3.0
29886325_0_1448173912684571475.tar.gz.csv	4	0.04685171282995624	http://dbpedia.org/property/data	3.0
29886325_0_1448173912684571475.tar.gz.csv	5	0.034834719579509524	http://dbpedia.org/property/votes	3.0
29886325_0_1448173912684571475.tar.gz.csv	6	0.032888123480482416	http://dbpedia.org/property/populationTotal	3.0
29886325_0_1448173912684571475.tar.gz.csv	7	0.028394181294518032	http://dbpedia.org/ontology/populationTotal	3.0
29886325_0_1448173912684571475.tar.gz.csv	8	0.026808223698783443	http://dbpedia.org/property/stat1Data	3.0
29886325_0_1448173912684571475.tar.gz.csv	9	0.026493142935780856	http://dbpedia.org/property/areaDunam	3.0
29886325_0_1448173912684571475.tar.gz.csv	10	0.02641784324682243	http://dbpedia.org/property/2011Population	3.0
29886325_0_1448173912684571475.tar.gz.csv	1	0.11555336181167296	http://dbpedia.org/ontology/populationMetro	4.0
29886325_0_1448173912684571475.tar.gz.csv	2	0.07022699687869008	http://dbpedia.org/ontology/populationUrban	4.0
29886325_0_1448173912684571475.tar.gz.csv	3	0.06592406650193183	http://dbpedia.org/ontology/wikiPageID	4.0
29886325_0_1448173912684571475.tar.gz.csv	4	0.04525273124075241	http://dbpedia.org/property/pop2010census	4.0
29886325_0_1448173912684571475.tar.gz.csv	5	0.03874878665818884	http://dbpedia.org/property/data	4.0
29886325_0_1448173912684571475.tar.gz.csv	6	0.032904860531433835	http://dbpedia.org/property/votes	4.0
29886325_0_1448173912684571475.tar.gz.csv	7	0.031092947047251605	http://dbpedia.org/property/populationTotal	4.0
29886325_0_1448173912684571475.tar.gz.csv	8	0.028950403722184027	http://dbpedia.org/ontology/populationTotal	4.0
29886325_0_1448173912684571475.tar.gz.csv	9	0.027358603927949053	http://dbpedia.org/property/stat1Data	4.0
29886325_0_1448173912684571475.tar.gz.csv	10	0.027053225893476023	http://dbpedia.org/property/areaDunam	4.0
32812626_0_5428724146873158593.tar.gz.csv	1	0.9888691670326749	http://dbpedia.org/property/beds	2.0
32812626_0_5428724146873158593.tar.gz.csv	2	0.008357348141534262	http://dbpedia.org/property/address	2.0
32812626_0_5428724146873158593.tar.gz.csv	3	0.0027734848156458353	http://dbpedia.org/property/location	2.0
32812626_0_5428724146873158593.tar.gz.csv	4	1.0144857880602755e-11	http://dbpedia.org/ontology/bedCount	2.0
33242247_1_7232384061498591611.tar.gz.csv	1	0.14967344695577514	http://dbpedia.org/property/brooklyn	1.0
33242247_1_7232384061498591611.tar.gz.csv	2	0.12573245329280242	http://dbpedia.org/property/manhattan	1.0
33242247_1_7232384061498591611.tar.gz.csv	3	0.12073882155823934	http://dbpedia.org/property/queens	1.0
33242247_1_7232384061498591611.tar.gz.csv	4	0.07538605573184065	http://dbpedia.org/property/amsVotes	1.0
33242247_1_7232384061498591611.tar.gz.csv	5	0.06104094310775227	http://dbpedia.org/property/votes	1.0
33242247_1_7232384061498591611.tar.gz.csv	6	0.051830685469268126	http://dbpedia.org/property/informal	1.0
33242247_1_7232384061498591611.tar.gz.csv	7	0.0491266162336561	http://dbpedia.org/property/electoralVote	1.0
33242247_1_7232384061498591611.tar.gz.csv	8	0.04512724187650845	http://dbpedia.org/property/r1votes	1.0
33242247_1_7232384061498591611.tar.gz.csv	9	0.0361908926535753	http://dbpedia.org/property/staten	1.0
33242247_1_7232384061498591611.tar.gz.csv	10	0.028341845463908777	http://dbpedia.org/property/r2votes	1.0
33242247_1_7232384061498591611.tar.gz.csv	1	0.37902012308465255	http://dbpedia.org/property/gain	4.0
33242247_1_7232384061498591611.tar.gz.csv	2	0.3155376813004322	http://dbpedia.org/property/loss	4.0
33242247_1_7232384061498591611.tar.gz.csv	3	0.125303913183424	http://dbpedia.org/property/amsSeats	4.0
33242247_1_7232384061498591611.tar.gz.csv	4	0.09116571053343948	http://dbpedia.org/property/seatChange	4.0
33242247_1_7232384061498591611.tar.gz.csv	5	0.019073044616545996	http://dbpedia.org/property/seats	4.0
33242247_1_7232384061498591611.tar.gz.csv	6	0.013719632161543469	http://dbpedia.org/property/delegateCount	4.0
33242247_1_7232384061498591611.tar.gz.csv	7	0.013471204891341714	http://dbpedia.org/property/seatsNeeded	4.0
33242247_1_7232384061498591611.tar.gz.csv	8	0.013456811516731285	http://dbpedia.org/property/majoritySeats	4.0
33242247_1_7232384061498591611.tar.gz.csv	9	0.011698317199999659	http://dbpedia.org/property/candidates	4.0
33242247_1_7232384061498591611.tar.gz.csv	10	0.010489399070443921	http://dbpedia.org/property/ev	4.0
3389822_6_374624044314151266.tar.gz.csv	1	0.044043524981877955	http://dbpedia.org/ontology/eruptionYear	2.0
3389822_6_374624044314151266.tar.gz.csv	2	0.03776482571960278	http://dbpedia.org/ontology/elevation	2.0
3389822_6_374624044314151266.tar.gz.csv	3	0.03020472092638454	http://dbpedia.org/ontology/maximumElevation	2.0
3389822_6_374624044314151266.tar.gz.csv	4	0.014754426080556542	http://dbpedia.org/ontology/prominence	2.0
3389822_6_374624044314151266.tar.gz.csv	5	0.013988046581136475	http://dbpedia.org/property/photoSize	2.0
3389822_6_374624044314151266.tar.gz.csv	6	0.013507595271226582	http://dbpedia.org/property/width	2.0
3389822_6_374624044314151266.tar.gz.csv	7	0.01276318952159412	http://dbpedia.org/property/augPrecipitationMm	2.0
3389822_6_374624044314151266.tar.gz.csv	8	0.012745891289998328	http://dbpedia.org/property/julPrecipitationMm	2.0
3389822_6_374624044314151266.tar.gz.csv	9	0.012688725869140747	http://dbpedia.org/property/junPrecipitationMm	2.0
3389822_6_374624044314151266.tar.gz.csv	10	0.012564319295113457	http://dbpedia.org/property/mayPrecipitationMm	2.0
34041816_1_4749054164534706977.tar.gz.csv	1	0.09035576385337192	http://dbpedia.org/property/col3Data	4.0
34041816_1_4749054164534706977.tar.gz.csv	2	0.0793180969810575	http://dbpedia.org/property/dataMax	4.0
34041816_1_4749054164534706977.tar.gz.csv	3	0.07895294786356412	http://dbpedia.org/ontology/passengersPerYear	4.0
34041816_1_4749054164534706977.tar.gz.csv	4	0.07674593029261105	http://dbpedia.org/property/data	4.0
34041816_1_4749054164534706977.tar.gz.csv	5	0.07151231066473245	http://dbpedia.org/property/lowusage	4.0
34041816_1_4749054164534706977.tar.gz.csv	6	0.07042569476471142	http://dbpedia.org/property/stat1Data	4.0
34041816_1_4749054164534706977.tar.gz.csv	7	0.06808025792453856	http://dbpedia.org/property/col2DataMax	4.0
34041816_1_4749054164534706977.tar.gz.csv	8	0.06772134232181352	http://dbpedia.org/property/col2Data	4.0
34041816_1_4749054164534706977.tar.gz.csv	9	0.06701398899569574	http://dbpedia.org/ontology/populationTotal	4.0
34041816_1_4749054164534706977.tar.gz.csv	10	0.06620761079752885	http://dbpedia.org/property/width	4.0
36039980_4_4283009829602711082.tar.gz.csv	1	0.05592400112484899	http://dbpedia.org/ontology/eruptionYear	2.0
36039980_4_4283009829602711082.tar.gz.csv	2	0.035688197599107824	http://dbpedia.org/ontology/maximumElevation	2.0
36039980_4_4283009829602711082.tar.gz.csv	3	0.0355510224240799	http://dbpedia.org/ontology/elevation	2.0
36039980_4_4283009829602711082.tar.gz.csv	4	0.0152332762419113	http://dbpedia.org/ontology/prominence	2.0
36039980_4_4283009829602711082.tar.gz.csv	5	0.014190600296691778	http://dbpedia.org/property/photoSize	2.0
36039980_4_4283009829602711082.tar.gz.csv	6	0.013637881672321387	http://dbpedia.org/property/width	2.0
36039980_4_4283009829602711082.tar.gz.csv	7	0.012761438045117875	http://dbpedia.org/property/augPrecipitationMm	2.0
36039980_4_4283009829602711082.tar.gz.csv	8	0.01274714429737641	http://dbpedia.org/property/julPrecipitationMm	2.0
36039980_4_4283009829602711082.tar.gz.csv	9	0.012680723699322294	http://dbpedia.org/property/junPrecipitationMm	2.0
36039980_4_4283009829602711082.tar.gz.csv	10	0.012518865827454926	http://dbpedia.org/property/mayPrecipitationMm	2.0
39107734_2_2329160387535788734.tar.gz.csv	1	0.08442681016166505	http://dbpedia.org/property/col3Data	4.0
39107734_2_2329160387535788734.tar.gz.csv	2	0.07699405666751835	http://dbpedia.org/ontology/passengersPerYear	4.0
39107734_2_2329160387535788734.tar.gz.csv	3	0.07683493446792729	http://dbpedia.org/property/dataMax	4.0
39107734_2_2329160387535788734.tar.gz.csv	4	0.075194714403142	http://dbpedia.org/property/data	4.0
39107734_2_2329160387535788734.tar.gz.csv	5	0.0717672456671097	http://dbpedia.org/property/lowusage	4.0
39107734_2_2329160387535788734.tar.gz.csv	6	0.07071298108611432	http://dbpedia.org/property/stat1Data	4.0
39107734_2_2329160387535788734.tar.gz.csv	7	0.06918898875349865	http://dbpedia.org/property/col2DataMax	4.0
39107734_2_2329160387535788734.tar.gz.csv	8	0.06891906877776628	http://dbpedia.org/property/col2Data	4.0
39107734_2_2329160387535788734.tar.gz.csv	9	0.06836296213534893	http://dbpedia.org/ontology/populationTotal	4.0
39107734_2_2329160387535788734.tar.gz.csv	10	0.06779507848168896	http://dbpedia.org/property/width	4.0
3917335_0_7791699395300625164.tar.gz.csv	1	0.026511454120519952	http://dbpedia.org/ontology/wikiPageID	2.0
3917335_0_7791699395300625164.tar.gz.csv	2	0.013760156840693392	http://dbpedia.org/ontology/PopulatedPlace/areaTotal	2.0
3917335_0_7791699395300625164.tar.gz.csv	3	0.013434043358205378	http://dbpedia.org/ontology/populationDensity	2.0
3917335_0_7791699395300625164.tar.gz.csv	4	0.013434043353883844	http://dbpedia.org/ontology/PopulatedPlace/populationDensity	2.0
3917335_0_7791699395300625164.tar.gz.csv	5	0.010906665836712104	http://dbpedia.org/property/area	2.0
3917335_0_7791699395300625164.tar.gz.csv	6	0.010881153046965299	http://dbpedia.org/property/yearLeader	2.0
3917335_0_7791699395300625164.tar.gz.csv	7	0.010771722824760426	http://dbpedia.org/property/populationDensityRank	2.0
3917335_0_7791699395300625164.tar.gz.csv	8	0.010483654431541341	http://dbpedia.org/property/longm	2.0
3917335_0_7791699395300625164.tar.gz.csv	9	0.010482763625164376	http://dbpedia.org/property/gdpPppPerCapita	2.0
3917335_0_7791699395300625164.tar.gz.csv	10	0.010476226151141506	http://dbpedia.org/property/electors	2.0
3917335_0_7791699395300625164.tar.gz.csv	1	0.8957883514978668	http://dbpedia.org/ontology/populationTotal	3.0
3917335_0_7791699395300625164.tar.gz.csv	2	0.020689767195664312	http://dbpedia.org/property/statArea	3.0
3917335_0_7791699395300625164.tar.gz.csv	3	0.017141048861111282	http://dbpedia.org/property/pop	3.0
3917335_0_7791699395300625164.tar.gz.csv	4	0.016007128396098438	http://dbpedia.org/property/votes	3.0
3917335_0_7791699395300625164.tar.gz.csv	5	0.01596320483966176	http://dbpedia.org/property/partyVotes	3.0
3917335_0_7791699395300625164.tar.gz.csv	6	0.01588145289269826	http://dbpedia.org/property/height	3.0
3917335_0_7791699395300625164.tar.gz.csv	7	0.015828844634371605	http://dbpedia.org/property/width	3.0
3917335_0_7791699395300625164.tar.gz.csv	8	0.002683754356686411	http://dbpedia.org/property/populationCensus	3.0
3917335_0_7791699395300625164.tar.gz.csv	9	1.2171297612540668e-05	http://dbpedia.org/property/statPop	3.0
3917335_0_7791699395300625164.tar.gz.csv	10	2.0662372401591696e-06	http://dbpedia.org/property/gdpNominal	3.0
39759273_0_1427898308030295194.tar.gz.csv	1	0.288807293029488	http://dbpedia.org/ontology/imdbId	5.0
39759273_0_1427898308030295194.tar.gz.csv	2	0.11091484606082935	http://dbpedia.org/property/imdb	5.0
39759273_0_1427898308030295194.tar.gz.csv	3	0.06896740398876845	http://dbpedia.org/ontology/episodeNumber	5.0
39759273_0_1427898308030295194.tar.gz.csv	4	0.068004820477136	http://dbpedia.org/property/number	5.0
39759273_0_1427898308030295194.tar.gz.csv	5	0.06727609657637486	http://dbpedia.org/property/runtime	5.0
39759273_0_1427898308030295194.tar.gz.csv	6	0.06611726625191368	http://dbpedia.org/property/1p	5.0
39759273_0_1427898308030295194.tar.gz.csv	7	0.06445093668834173	http://dbpedia.org/property/numEpisodes	5.0
39759273_0_1427898308030295194.tar.gz.csv	8	0.06415663987911381	http://dbpedia.org/ontology/numberOfEpisodes	5.0
39759273_0_1427898308030295194.tar.gz.csv	9	0.06395458975410365	http://dbpedia.org/property/episodes	5.0
39759273_0_1427898308030295194.tar.gz.csv	10	0.06332209355531088	http://dbpedia.org/ontology/seasonNumber	5.0
41194422_0_7231546114369966811.tar.gz.csv	1	0.9062663859867156	http://dbpedia.org/ontology/populationTotal	2.0
41194422_0_7231546114369966811.tar.gz.csv	2	0.01856496163402561	http://dbpedia.org/property/statArea	2.0
41194422_0_7231546114369966811.tar.gz.csv	3	0.01540763876172823	http://dbpedia.org/property/pop	2.0
41194422_0_7231546114369966811.tar.gz.csv	4	0.014395547758216163	http://dbpedia.org/property/votes	2.0
41194422_0_7231546114369966811.tar.gz.csv	5	0.014356067542101206	http://dbpedia.org/property/partyVotes	2.0
41194422_0_7231546114369966811.tar.gz.csv	6	0.014283473472620798	http://dbpedia.org/property/height	2.0
41194422_0_7231546114369966811.tar.gz.csv	7	0.014236418240572545	http://dbpedia.org/property/width	2.0
41194422_0_7231546114369966811.tar.gz.csv	8	0.0024744305080708186	http://dbpedia.org/property/populationCensus	2.0
41194422_0_7231546114369966811.tar.gz.csv	9	1.1157268109652272e-05	http://dbpedia.org/property/statPop	2.0
41194422_0_7231546114369966811.tar.gz.csv	10	1.8936977690651208e-06	http://dbpedia.org/property/gdpNominal	2.0
41194422_1_1172256090552737974.tar.gz.csv	1	0.9062663859867156	http://dbpedia.org/ontology/populationTotal	2.0
41194422_1_1172256090552737974.tar.gz.csv	2	0.01856496163402561	http://dbpedia.org/property/statArea	2.0
41194422_1_1172256090552737974.tar.gz.csv	3	0.01540763876172823	http://dbpedia.org/property/pop	2.0
41194422_1_1172256090552737974.tar.gz.csv	4	0.014395547758216163	http://dbpedia.org/property/votes	2.0
41194422_1_1172256090552737974.tar.gz.csv	5	0.014356067542101206	http://dbpedia.org/property/partyVotes	2.0
41194422_1_1172256090552737974.tar.gz.csv	6	0.014283473472620798	http://dbpedia.org/property/height	2.0
41194422_1_1172256090552737974.tar.gz.csv	7	0.014236418240572545	http://dbpedia.org/property/width	2.0
41194422_1_1172256090552737974.tar.gz.csv	8	0.0024744305080708186	http://dbpedia.org/property/populationCensus	2.0
41194422_1_1172256090552737974.tar.gz.csv	9	1.1157268109652272e-05	http://dbpedia.org/property/statPop	2.0
41194422_1_1172256090552737974.tar.gz.csv	10	1.8936977690651208e-06	http://dbpedia.org/property/gdpNominal	2.0
41819807_0_3139249984404131679.tar.gz.csv	1	0.03485149813692223	http://dbpedia.org/ontology/elevation	2.0
41819807_0_3139249984404131679.tar.gz.csv	2	0.03371913538894137	http://dbpedia.org/ontology/Lake/shoreLength	2.0
41819807_0_3139249984404131679.tar.gz.csv	3	0.027742156466163334	http://dbpedia.org/property/length	2.0
41819807_0_3139249984404131679.tar.gz.csv	4	0.027086116308540974	http://dbpedia.org/ontology/maximumDepth	2.0
41819807_0_3139249984404131679.tar.gz.csv	5	0.02701371600997762	http://dbpedia.org/property/width	2.0
41819807_0_3139249984404131679.tar.gz.csv	6	0.026761266294794084	http://dbpedia.org/ontology/averageDepth	2.0
41819807_0_3139249984404131679.tar.gz.csv	7	0.026744598616836347	http://dbpedia.org/property/imageSize	2.0
41819807_0_3139249984404131679.tar.gz.csv	8	0.026648103982025932	http://dbpedia.org/property/longd	2.0
41819807_0_3139249984404131679.tar.gz.csv	9	0.026628748691676044	http://dbpedia.org/property/longD	2.0
41819807_0_3139249984404131679.tar.gz.csv	10	0.02659697291606715	http://dbpedia.org/property/lonDeg	2.0
43469354_0_6029017163991310319.tar.gz.csv	1	0.0916762009507466	http://dbpedia.org/ontology/populationMetro	3.0
43469354_0_6029017163991310319.tar.gz.csv	2	0.06397390823853823	http://dbpedia.org/ontology/populationUrban	3.0
43469354_0_6029017163991310319.tar.gz.csv	3	0.04831784189173692	http://dbpedia.org/property/pop2010census	3.0
43469354_0_6029017163991310319.tar.gz.csv	4	0.04660823187826098	http://dbpedia.org/ontology/wikiPageID	3.0
43469354_0_6029017163991310319.tar.gz.csv	5	0.04050565718360356	http://dbpedia.org/property/data	3.0
43469354_0_6029017163991310319.tar.gz.csv	6	0.034006725376760846	http://dbpedia.org/property/votes	3.0
43469354_0_6029017163991310319.tar.gz.csv	7	0.03320854275022613	http://dbpedia.org/property/populationTotal	3.0
43469354_0_6029017163991310319.tar.gz.csv	8	0.030032276913558618	http://dbpedia.org/ontology/populationTotal	3.0
43469354_0_6029017163991310319.tar.gz.csv	9	0.029281523450948678	http://dbpedia.org/property/stat1Data	3.0
43469354_0_6029017163991310319.tar.gz.csv	10	0.02921167235546963	http://dbpedia.org/property/areaDunam	3.0
43469354_0_6029017163991310319.tar.gz.csv	1	0.07611216227426776	http://dbpedia.org/ontology/wikiPageID	4.0
43469354_0_6029017163991310319.tar.gz.csv	2	0.0680335923140495	http://dbpedia.org/ontology/populationMetro	4.0
43469354_0_6029017163991310319.tar.gz.csv	3	0.05153539285445957	http://dbpedia.org/ontology/populationUrban	4.0
43469354_0_6029017163991310319.tar.gz.csv	4	0.04088828505743879	http://dbpedia.org/property/pop2010census	4.0
43469354_0_6029017163991310319.tar.gz.csv	5	0.03639255641299359	http://dbpedia.org/property/data	4.0
43469354_0_6029017163991310319.tar.gz.csv	6	0.03229396683644486	http://dbpedia.org/property/votes	4.0
43469354_0_6029017163991310319.tar.gz.csv	7	0.03153261926118295	http://dbpedia.org/property/populationTotal	4.0
43469354_0_6029017163991310319.tar.gz.csv	8	0.029524302126423374	http://dbpedia.org/ontology/populationTotal	4.0
43469354_0_6029017163991310319.tar.gz.csv	9	0.02879736546404827	http://dbpedia.org/property/stat1Data	4.0
43469354_0_6029017163991310319.tar.gz.csv	10	0.028713018351016056	http://dbpedia.org/property/areaDunam	4.0
44206774_0_3810538885942465703.tar.gz.csv	1	0.3407881390484516	http://dbpedia.org/property/futwins	2.0
44206774_0_3810538885942465703.tar.gz.csv	2	0.2496341324382575	http://dbpedia.org/property/alpgwins	2.0
44206774_0_3810538885942465703.tar.gz.csv	3	0.11269746001298263	http://dbpedia.org/property/japwins	2.0
44206774_0_3810538885942465703.tar.gz.csv	4	0.06818352184931947	http://dbpedia.org/property/champwins	2.0
44206774_0_3810538885942465703.tar.gz.csv	5	0.05731732774395516	http://dbpedia.org/property/otherwins	2.0
44206774_0_3810538885942465703.tar.gz.csv	6	0.05568974775301257	http://dbpedia.org/property/pgawins	2.0
44206774_0_3810538885942465703.tar.gz.csv	7	0.04332772162104287	http://dbpedia.org/property/auswins	2.0
44206774_0_3810538885942465703.tar.gz.csv	8	0.04018356321601157	http://dbpedia.org/property/lpgawins	2.0
44206774_0_3810538885942465703.tar.gz.csv	9	0.01841509996640159	http://dbpedia.org/property/prowins	2.0
44206774_0_3810538885942465703.tar.gz.csv	10	0.013763286340311771	http://dbpedia.org/property/jlpgawins	2.0
44206774_0_3810538885942465703.tar.gz.csv	1	0.10718517104461539	http://dbpedia.org/property/prowins	4.0
44206774_0_3810538885942465703.tar.gz.csv	2	0.10408086846756322	http://dbpedia.org/property/jlpgawins	4.0
44206774_0_3810538885942465703.tar.gz.csv	3	0.10095490116974476	http://dbpedia.org/property/pgawins	4.0
44206774_0_3810538885942465703.tar.gz.csv	4	0.10036581763594249	http://dbpedia.org/property/champwins	4.0
44206774_0_3810538885942465703.tar.gz.csv	5	0.10030293052269906	http://dbpedia.org/property/otherwins	4.0
44206774_0_3810538885942465703.tar.gz.csv	6	0.09856544425360167	http://dbpedia.org/property/japwins	4.0
44206774_0_3810538885942465703.tar.gz.csv	7	0.09825785953091311	http://dbpedia.org/property/auswins	4.0
44206774_0_3810538885942465703.tar.gz.csv	8	0.09821955574840242	http://dbpedia.org/property/lpgawins	4.0
44206774_0_3810538885942465703.tar.gz.csv	9	0.09721727549526746	http://dbpedia.org/property/futwins	4.0
44206774_0_3810538885942465703.tar.gz.csv	10	0.0948501712041836	http://dbpedia.org/property/alpgwins	4.0
4444204_0_951426790527152756.tar.gz.csv	1	0.2512128660040474	http://dbpedia.org/ontology/populationMetro	3.0
4444204_0_951426790527152756.tar.gz.csv	2	0.14358851265283684	http://dbpedia.org/ontology/populationUrban	3.0
4444204_0_951426790527152756.tar.gz.csv	3	0.05571946644263467	http://dbpedia.org/property/pop2010census	3.0
4444204_0_951426790527152756.tar.gz.csv	4	0.04167412291318912	http://dbpedia.org/property/data	3.0
4444204_0_951426790527152756.tar.gz.csv	5	0.030617133296686902	http://dbpedia.org/property/votes	3.0
4444204_0_951426790527152756.tar.gz.csv	6	0.027265448325035246	http://dbpedia.org/property/populationTotal	3.0
4444204_0_951426790527152756.tar.gz.csv	7	0.0243112218263151	http://dbpedia.org/ontology/populationTotal	3.0
4444204_0_951426790527152756.tar.gz.csv	8	0.02181920881222056	http://dbpedia.org/property/stat1Data	3.0
4444204_0_951426790527152756.tar.gz.csv	9	0.021299484072506602	http://dbpedia.org/property/2011Population	3.0
4444204_0_951426790527152756.tar.gz.csv	10	0.021258340473649863	http://dbpedia.org/property/areaDunam	3.0
4444204_0_951426790527152756.tar.gz.csv	1	0.24877973744276202	http://dbpedia.org/ontology/populationMetro	4.0
4444204_0_951426790527152756.tar.gz.csv	2	0.10393818211697753	http://dbpedia.org/ontology/populationUrban	4.0
4444204_0_951426790527152756.tar.gz.csv	3	0.04730198888157154	http://dbpedia.org/property/pop2010census	4.0
4444204_0_951426790527152756.tar.gz.csv	4	0.03826023251718987	http://dbpedia.org/property/data	4.0
4444204_0_951426790527152756.tar.gz.csv	5	0.030378856089329286	http://dbpedia.org/property/votes	4.0
4444204_0_951426790527152756.tar.gz.csv	6	0.027489427740742044	http://dbpedia.org/property/populationTotal	4.0
4444204_0_951426790527152756.tar.gz.csv	7	0.025308796684571276	http://dbpedia.org/ontology/populationTotal	4.0
4444204_0_951426790527152756.tar.gz.csv	8	0.0249813958259942	http://dbpedia.org/ontology/wikiPageID	4.0
4444204_0_951426790527152756.tar.gz.csv	9	0.023003390147667117	http://dbpedia.org/property/stat1Data	4.0
4444204_0_951426790527152756.tar.gz.csv	10	0.022545510656483712	http://dbpedia.org/property/2011Population	4.0
49087820_0_461228320225084868.tar.gz.csv	1	0.6441248031483262	http://dbpedia.org/property/isoNumber	3.0
49087820_0_461228320225084868.tar.gz.csv	2	0.1695886119003287	http://dbpedia.org/property/width	3.0
49087820_0_461228320225084868.tar.gz.csv	3	0.09433437299109501	http://dbpedia.org/property/imageWidth	3.0
49087820_0_461228320225084868.tar.gz.csv	4	0.0914735388662013	http://dbpedia.org/property/cheight	3.0
49087820_0_461228320225084868.tar.gz.csv	5	0.00047867300363365695	http://dbpedia.org/property/attendance	3.0
49087820_0_461228320225084868.tar.gz.csv	6	9.041513347623457e-11	http://dbpedia.org/property/inflationRate	3.0
49772588_0_6549847739640234347.tar.gz.csv	1	0.24047432789807002	http://dbpedia.org/ontology/populationTotal	2.0
49772588_0_6549847739640234347.tar.gz.csv	2	0.16587624314381505	http://dbpedia.org/property/statArea	2.0
49772588_0_6549847739640234347.tar.gz.csv	3	0.12802120226611713	http://dbpedia.org/property/pop	2.0
49772588_0_6549847739640234347.tar.gz.csv	4	0.11532053793004023	http://dbpedia.org/property/votes	2.0
49772588_0_6549847739640234347.tar.gz.csv	5	0.11459382263448595	http://dbpedia.org/property/partyVotes	2.0
49772588_0_6549847739640234347.tar.gz.csv	6	0.11408277874058441	http://dbpedia.org/property/height	2.0
49772588_0_6549847739640234347.tar.gz.csv	7	0.11343730948139238	http://dbpedia.org/property/width	2.0
49772588_0_6549847739640234347.tar.gz.csv	8	0.008129029841001846	http://dbpedia.org/property/populationCensus	2.0
49772588_0_6549847739640234347.tar.gz.csv	9	4.773836977008013e-05	http://dbpedia.org/property/statPop	2.0
49772588_0_6549847739640234347.tar.gz.csv	10	8.212158447114394e-06	http://dbpedia.org/property/gdpNominal	2.0
49801939_0_6964113429298874283.tar.gz.csv	1	0.020566447332876065	http://dbpedia.org/ontology/elevation	1.0
49801939_0_6964113429298874283.tar.gz.csv	2	0.01848357014985325	http://dbpedia.org/ontology/eruptionYear	1.0
49801939_0_6964113429298874283.tar.gz.csv	3	0.017475094701358915	http://dbpedia.org/property/cme	1.0
49801939_0_6964113429298874283.tar.gz.csv	4	0.01664937572573638	http://dbpedia.org/ontology/maximumElevation	1.0
49801939_0_6964113429298874283.tar.gz.csv	5	0.013169980656163817	http://dbpedia.org/ontology/prominence	1.0
49801939_0_6964113429298874283.tar.gz.csv	6	0.012953013817506985	http://dbpedia.org/property/photoSize	1.0
49801939_0_6964113429298874283.tar.gz.csv	7	0.012786823114118656	http://dbpedia.org/property/width	1.0
49801939_0_6964113429298874283.tar.gz.csv	8	0.012537597631878405	http://dbpedia.org/property/augPrecipitationMm	1.0
49801939_0_6964113429298874283.tar.gz.csv	9	0.0125275430771931	http://dbpedia.org/property/julPrecipitationMm	1.0
49801939_0_6964113429298874283.tar.gz.csv	10	0.01250753861574531	http://dbpedia.org/property/junPrecipitationMm	1.0
50245608_0_871275842592178099.tar.gz.csv	1	0.3901595856989278	http://dbpedia.org/property/2p	5.0
50245608_0_871275842592178099.tar.gz.csv	2	0.2059680900968237	http://dbpedia.org/ontology/Work/runtime	5.0
50245608_0_871275842592178099.tar.gz.csv	3	0.05076043587561755	http://dbpedia.org/property/fontsize	5.0
50245608_0_871275842592178099.tar.gz.csv	4	0.039438724249945746	http://dbpedia.org/property/imagesize	5.0
50245608_0_871275842592178099.tar.gz.csv	5	0.03754997739880172	http://dbpedia.org/property/gr	5.0
50245608_0_871275842592178099.tar.gz.csv	6	0.0370419789536877	http://dbpedia.org/property/size	5.0
50245608_0_871275842592178099.tar.gz.csv	7	0.0368423563425392	http://dbpedia.org/ontology/Person/height	5.0
50245608_0_871275842592178099.tar.gz.csv	8	0.036064547170156495	http://dbpedia.org/property/mc	5.0
50245608_0_871275842592178099.tar.gz.csv	9	0.02979831711763886	http://www.w3.org/2003/01/geo/wgs84_pos#lat	5.0
50245608_0_871275842592178099.tar.gz.csv	10	0.027453297433844986	http://dbpedia.org/property/imageSize	5.0
52299421_0_4473286348258170200.tar.gz.csv	1	0.7520541046011764	http://dbpedia.org/ontology/populationTotal	6.0
52299421_0_4473286348258170200.tar.gz.csv	2	0.044427559698820666	http://dbpedia.org/property/statArea	6.0
52299421_0_4473286348258170200.tar.gz.csv	3	0.038951732471914684	http://dbpedia.org/property/pop	6.0
52299421_0_4473286348258170200.tar.gz.csv	4	0.03706483100256747	http://dbpedia.org/property/votes	6.0
52299421_0_4473286348258170200.tar.gz.csv	5	0.03698491086182771	http://dbpedia.org/property/partyVotes	6.0
52299421_0_4473286348258170200.tar.gz.csv	6	0.036855778560136304	http://dbpedia.org/property/height	6.0
52299421_0_4473286348258170200.tar.gz.csv	7	0.03676499513593737	http://dbpedia.org/property/width	6.0
52299421_0_4473286348258170200.tar.gz.csv	8	0.016819315633209472	http://dbpedia.org/property/populationCensus	6.0
52299421_0_4473286348258170200.tar.gz.csv	9	5.699458046440333e-05	http://dbpedia.org/property/statPop	6.0
52299421_0_4473286348258170200.tar.gz.csv	10	9.570397447615605e-06	http://dbpedia.org/property/gdpNominal	6.0
53989675_0_8697482470743954630.tar.gz.csv	1	0.07198117014189946	http://dbpedia.org/property/length	2.0
53989675_0_8697482470743954630.tar.gz.csv	2	0.040094640666496976	http://dbpedia.org/ontology/maximumDepth	2.0
53989675_0_8697482470743954630.tar.gz.csv	3	0.03249845291177235	http://dbpedia.org/property/width	2.0
53989675_0_8697482470743954630.tar.gz.csv	4	0.03146775239858735	http://dbpedia.org/ontology/averageDepth	2.0
53989675_0_8697482470743954630.tar.gz.csv	5	0.028383901156278233	http://dbpedia.org/property/longd	2.0
53989675_0_8697482470743954630.tar.gz.csv	6	0.028097763715002846	http://dbpedia.org/property/longD	2.0
53989675_0_8697482470743954630.tar.gz.csv	7	0.02802789754586172	http://www.w3.org/2003/01/geo/wgs84_pos#long	2.0
53989675_0_8697482470743954630.tar.gz.csv	8	0.027413439952294963	http://dbpedia.org/property/long	2.0
53989675_0_8697482470743954630.tar.gz.csv	9	0.02736065533426094	http://dbpedia.org/property/lonDeg	2.0
53989675_0_8697482470743954630.tar.gz.csv	10	0.026700951801475824	http://dbpedia.org/ontology/height	2.0
55961337_0_6548713781034932742.tar.gz.csv	1	0.36767269618459447	http://dbpedia.org/property/isoNumber	3.0
55961337_0_6548713781034932742.tar.gz.csv	2	0.3369007275268289	http://dbpedia.org/property/width	3.0
55961337_0_6548713781034932742.tar.gz.csv	3	0.15221617532669032	http://dbpedia.org/property/imageWidth	3.0
55961337_0_6548713781034932742.tar.gz.csv	4	0.14246886618333288	http://dbpedia.org/property/cheight	3.0
55961337_0_6548713781034932742.tar.gz.csv	5	0.0007415346364677415	http://dbpedia.org/property/attendance	3.0
55961337_0_6548713781034932742.tar.gz.csv	6	1.4208566157862371e-10	http://dbpedia.org/property/inflationRate	3.0
5972322_0_3150366936082777235.tar.gz.csv	1	0.26154085578700015	http://dbpedia.org/property/amsVotes	1.0
5972322_0_3150366936082777235.tar.gz.csv	2	0.18288767922815433	http://dbpedia.org/property/brooklyn	1.0
5972322_0_3150366936082777235.tar.gz.csv	3	0.11671112011235112	http://dbpedia.org/property/queens	1.0
5972322_0_3150366936082777235.tar.gz.csv	4	0.09579973674924099	http://dbpedia.org/property/manhattan	1.0
5972322_0_3150366936082777235.tar.gz.csv	5	0.07084806032634712	http://dbpedia.org/property/votes	1.0
5972322_0_3150366936082777235.tar.gz.csv	6	0.04214833280434862	http://dbpedia.org/property/r1votes	1.0
5972322_0_3150366936082777235.tar.gz.csv	7	0.03359042722724515	http://dbpedia.org/property/informal	1.0
5972322_0_3150366936082777235.tar.gz.csv	8	0.020470852189083864	http://dbpedia.org/property/electoralVote	1.0
5972322_0_3150366936082777235.tar.gz.csv	9	0.017641449730659734	http://dbpedia.org/property/fullwidthvotes	1.0
5972322_0_3150366936082777235.tar.gz.csv	10	0.016308916440566645	http://dbpedia.org/property/r2votes	1.0
5972322_0_3150366936082777235.tar.gz.csv	1	0.37051077646292346	http://dbpedia.org/property/seats	3.0
5972322_0_3150366936082777235.tar.gz.csv	2	0.18690239825463728	http://dbpedia.org/property/delegateCount	3.0
5972322_0_3150366936082777235.tar.gz.csv	3	0.17102041846911376	http://dbpedia.org/property/seatsNeeded	3.0
5972322_0_3150366936082777235.tar.gz.csv	4	0.09906133626798246	http://dbpedia.org/property/candidates	3.0
5972322_0_3150366936082777235.tar.gz.csv	5	0.062335430034925594	http://dbpedia.org/property/ev	3.0
5972322_0_3150366936082777235.tar.gz.csv	6	0.04665353676744385	http://dbpedia.org/property/seatChange	3.0
5972322_0_3150366936082777235.tar.gz.csv	7	0.018631827531060328	http://dbpedia.org/property/majoritySeats	3.0
5972322_0_3150366936082777235.tar.gz.csv	8	0.011781105364252373	http://dbpedia.org/property/gain	3.0
5972322_0_3150366936082777235.tar.gz.csv	9	0.011756395870227254	http://dbpedia.org/property/amsSeats	3.0
5972322_0_3150366936082777235.tar.gz.csv	10	0.011322471364214106	http://dbpedia.org/property/loss	3.0
61069974_0_1894536874590565102.tar.gz.csv	1	0.8494695298963594	http://dbpedia.org/property/isoNumber	3.0
61069974_0_1894536874590565102.tar.gz.csv	2	0.0642711890290852	http://dbpedia.org/property/width	3.0
61069974_0_1894536874590565102.tar.gz.csv	3	0.04310202768125678	http://dbpedia.org/property/imageWidth	3.0
61069974_0_1894536874590565102.tar.gz.csv	4	0.04289439690571929	http://dbpedia.org/property/cheight	3.0
61069974_0_1894536874590565102.tar.gz.csv	5	0.00026285643859641944	http://dbpedia.org/property/attendance	3.0
61069974_0_1894536874590565102.tar.gz.csv	6	4.8983037733914096e-11	http://dbpedia.org/property/inflationRate	3.0
61626303_0_266372209664087642.tar.gz.csv	1	0.8758728989467094	http://dbpedia.org/ontology/heightAboveAverageTerrain	3.0
61626303_0_266372209664087642.tar.gz.csv	2	0.03070411825697147	http://dbpedia.org/property/haat	3.0
61626303_0_266372209664087642.tar.gz.csv	3	0.022525173410650787	http://dbpedia.org/property/freq	3.0
61626303_0_266372209664087642.tar.gz.csv	4	0.016284920800951085	http://dbpedia.org/property/length	3.0
61626303_0_266372209664087642.tar.gz.csv	5	0.01485632866242526	http://dbpedia.org/property/logosize	3.0
61626303_0_266372209664087642.tar.gz.csv	6	0.013410350593535753	http://dbpedia.org/property/ch	3.0
61626303_0_266372209664087642.tar.gz.csv	7	0.013325806062735077	http://www.w3.org/2003/01/geo/wgs84_pos#lat	3.0
61626303_0_266372209664087642.tar.gz.csv	8	0.013015458628529684	http://www.w3.org/2003/01/geo/wgs84_pos#long	3.0
61626303_0_266372209664087642.tar.gz.csv	9	3.718713400015205e-06	http://dbpedia.org/property/erp	3.0
61626303_0_266372209664087642.tar.gz.csv	10	8.127550985416318e-07	http://dbpedia.org/property/crtc	3.0
61626303_0_266372209664087642.tar.gz.csv	1	0.1687822282479188	http://dbpedia.org/ontology/heightAboveAverageTerrain	4.0
61626303_0_266372209664087642.tar.gz.csv	2	0.13602907271794645	http://dbpedia.org/property/length	4.0
61626303_0_266372209664087642.tar.gz.csv	3	0.13392331504647387	http://dbpedia.org/property/haat	4.0
61626303_0_266372209664087642.tar.gz.csv	4	0.1272743953510304	http://dbpedia.org/property/logosize	4.0
61626303_0_266372209664087642.tar.gz.csv	5	0.12422210396787575	http://dbpedia.org/property/freq	4.0
61626303_0_266372209664087642.tar.gz.csv	6	0.10733483051462606	http://dbpedia.org/property/ch	4.0
61626303_0_266372209664087642.tar.gz.csv	7	0.10692160359239437	http://www.w3.org/2003/01/geo/wgs84_pos#lat	4.0
61626303_0_266372209664087642.tar.gz.csv	8	0.09526703383853762	http://www.w3.org/2003/01/geo/wgs84_pos#long	4.0
61626303_0_266372209664087642.tar.gz.csv	9	0.00018575928666063332	http://dbpedia.org/property/erp	4.0
61626303_0_266372209664087642.tar.gz.csv	10	3.947705538186251e-05	http://dbpedia.org/property/crtc	4.0
67865873_0_8259587610208037357.tar.gz.csv	1	0.27342917677364315	http://dbpedia.org/ontology/populationTotal	2.0
67865873_0_8259587610208037357.tar.gz.csv	2	0.16154046602135846	http://dbpedia.org/property/statArea	2.0
67865873_0_8259587610208037357.tar.gz.csv	3	0.12192569325051186	http://dbpedia.org/property/pop	2.0
67865873_0_8259587610208037357.tar.gz.csv	4	0.10987006975638897	http://dbpedia.org/property/votes	2.0
67865873_0_8259587610208037357.tar.gz.csv	5	0.10931655868000029	http://dbpedia.org/property/partyVotes	2.0
67865873_0_8259587610208037357.tar.gz.csv	6	0.10862327644539792	http://dbpedia.org/property/height	2.0
67865873_0_8259587610208037357.tar.gz.csv	7	0.1080520531917809	http://dbpedia.org/property/width	2.0
67865873_0_8259587610208037357.tar.gz.csv	8	0.0071873861660556905	http://dbpedia.org/property/populationCensus	2.0
67865873_0_8259587610208037357.tar.gz.csv	9	4.0814497817114556e-05	http://dbpedia.org/property/statPop	2.0
67865873_0_8259587610208037357.tar.gz.csv	10	7.002308287195711e-06	http://dbpedia.org/property/gdpNominal	2.0
69537082_0_7789694313271016902.tar.gz.csv	1	0.8833180799521201	http://dbpedia.org/ontology/populationTotal	2.0
69537082_0_7789694313271016902.tar.gz.csv	2	0.023223038883933008	http://dbpedia.org/property/statArea	2.0
69537082_0_7789694313271016902.tar.gz.csv	3	0.019204966397288515	http://dbpedia.org/property/pop	2.0
69537082_0_7789694313271016902.tar.gz.csv	4	0.01792442986889924	http://dbpedia.org/property/votes	2.0
69537082_0_7789694313271016902.tar.gz.csv	5	0.01787502684813377	http://dbpedia.org/property/partyVotes	2.0
69537082_0_7789694313271016902.tar.gz.csv	6	0.017782467684039467	http://dbpedia.org/property/height	2.0
69537082_0_7789694313271016902.tar.gz.csv	7	0.017723140437161892	http://dbpedia.org/property/width	2.0
69537082_0_7789694313271016902.tar.gz.csv	8	0.002930777388055133	http://dbpedia.org/property/populationCensus	2.0
69537082_0_7789694313271016902.tar.gz.csv	9	1.3373048837541511e-05	http://dbpedia.org/property/statPop	2.0
69537082_0_7789694313271016902.tar.gz.csv	10	2.270786590107941e-06	http://dbpedia.org/property/gdpNominal	2.0
70404164_0_5498195978476333642.tar.gz.csv	1	0.17588372971321325	http://dbpedia.org/ontology/populationMetro	3.0
70404164_0_5498195978476333642.tar.gz.csv	2	0.13003149294296157	http://dbpedia.org/ontology/populationUrban	3.0
70404164_0_5498195978476333642.tar.gz.csv	3	0.0665589293485282	http://dbpedia.org/property/pop2010census	3.0
70404164_0_5498195978476333642.tar.gz.csv	4	0.047674559272188846	http://dbpedia.org/property/data	3.0
70404164_0_5498195978476333642.tar.gz.csv	5	0.03425934283039106	http://dbpedia.org/property/votes	3.0
70404164_0_5498195978476333642.tar.gz.csv	6	0.03146075254484119	http://dbpedia.org/property/populationTotal	3.0
70404164_0_5498195978476333642.tar.gz.csv	7	0.027180064978104636	http://dbpedia.org/ontology/populationTotal	3.0
70404164_0_5498195978476333642.tar.gz.csv	8	0.025048632001270384	http://dbpedia.org/property/stat1Data	3.0
70404164_0_5498195978476333642.tar.gz.csv	9	0.024576683266348542	http://dbpedia.org/property/areaDunam	3.0
70404164_0_5498195978476333642.tar.gz.csv	10	0.024555441297015382	http://dbpedia.org/property/2011Population	3.0
70404164_0_5498195978476333642.tar.gz.csv	1	0.1915391289955887	http://dbpedia.org/ontology/populationMetro	4.0
70404164_0_5498195978476333642.tar.gz.csv	2	0.08710119942504874	http://dbpedia.org/ontology/populationUrban	4.0
70404164_0_5498195978476333642.tar.gz.csv	3	0.05407824105053711	http://dbpedia.org/ontology/wikiPageID	4.0
70404164_0_5498195978476333642.tar.gz.csv	4	0.043643669065541776	http://dbpedia.org/property/pop2010census	4.0
70404164_0_5498195978476333642.tar.gz.csv	5	0.03733764491082921	http://dbpedia.org/property/data	4.0
70404164_0_5498195978476333642.tar.gz.csv	6	0.031288959185711666	http://dbpedia.org/property/votes	4.0
70404164_0_5498195978476333642.tar.gz.csv	7	0.02840072104668417	http://dbpedia.org/property/populationTotal	4.0
70404164_0_5498195978476333642.tar.gz.csv	8	0.026929133041221492	http://dbpedia.org/ontology/populationTotal	4.0
70404164_0_5498195978476333642.tar.gz.csv	9	0.02451562709250325	http://dbpedia.org/property/stat1Data	4.0
70404164_0_5498195978476333642.tar.gz.csv	10	0.024059643186980825	http://dbpedia.org/property/2011Population	4.0
72017594_0_7055198579167316152.tar.gz.csv	1	0.2667187156122988	http://dbpedia.org/ontology/numberOfVisitors	2.0
72017594_0_7055198579167316152.tar.gz.csv	2	0.16912673655704422	http://dbpedia.org/property/collectionSize	2.0
72017594_0_7055198579167316152.tar.gz.csv	3	0.1161253074124294	http://dbpedia.org/property/designatedOther1Number	2.0
72017594_0_7055198579167316152.tar.gz.csv	4	0.1124847564194457	http://dbpedia.org/property/2p	2.0
72017594_0_7055198579167316152.tar.gz.csv	5	0.11223923309162222	http://dbpedia.org/property/data	2.0
72017594_0_7055198579167316152.tar.gz.csv	6	0.11167366468394338	http://dbpedia.org/ontology/floorCount	2.0
72017594_0_7055198579167316152.tar.gz.csv	7	0.11163158622321631	http://dbpedia.org/property/photos	2.0
72017594_0_7055198579167316152.tar.gz.csv	1	0.24874643442037073	http://dbpedia.org/ontology/numberOfVisitors	3.0
72017594_0_7055198579167316152.tar.gz.csv	2	0.1648321726406475	http://dbpedia.org/property/collectionSize	3.0
72017594_0_7055198579167316152.tar.gz.csv	3	0.12038447732326654	http://dbpedia.org/property/designatedOther1Number	3.0
72017594_0_7055198579167316152.tar.gz.csv	4	0.11699648169524084	http://dbpedia.org/property/2p	3.0
72017594_0_7055198579167316152.tar.gz.csv	5	0.11669585098844051	http://dbpedia.org/property/data	3.0
72017594_0_7055198579167316152.tar.gz.csv	6	0.11617945025773835	http://dbpedia.org/ontology/floorCount	3.0
72017594_0_7055198579167316152.tar.gz.csv	7	0.11616513267429554	http://dbpedia.org/property/photos	3.0
75154185_0_1607627349983289012.tar.gz.csv	1	0.21017498382557717	http://dbpedia.org/ontology/populationMetro	3.0
75154185_0_1607627349983289012.tar.gz.csv	2	0.13443003558733357	http://dbpedia.org/ontology/populationUrban	3.0
75154185_0_1607627349983289012.tar.gz.csv	3	0.06076182417178554	http://dbpedia.org/property/pop2010census	3.0
75154185_0_1607627349983289012.tar.gz.csv	4	0.04466535200465635	http://dbpedia.org/property/data	3.0
75154185_0_1607627349983289012.tar.gz.csv	5	0.03260059659526392	http://dbpedia.org/property/votes	3.0
75154185_0_1607627349983289012.tar.gz.csv	6	0.029537398906954532	http://dbpedia.org/property/populationTotal	3.0
75154185_0_1607627349983289012.tar.gz.csv	7	0.02595468846319567	http://dbpedia.org/ontology/populationTotal	3.0
75154185_0_1607627349983289012.tar.gz.csv	8	0.023643247930323023	http://dbpedia.org/property/stat1Data	3.0
75154185_0_1607627349983289012.tar.gz.csv	9	0.02313810702118068	http://dbpedia.org/property/2011Population	3.0
75154185_0_1607627349983289012.tar.gz.csv	10	0.023128067689351536	http://dbpedia.org/property/areaDunam	3.0
75154185_0_1607627349983289012.tar.gz.csv	1	0.16944917933202308	http://dbpedia.org/ontology/populationMetro	4.0
75154185_0_1607627349983289012.tar.gz.csv	2	0.08856648463743401	http://dbpedia.org/ontology/populationUrban	4.0
75154185_0_1607627349983289012.tar.gz.csv	3	0.049719978891340395	http://dbpedia.org/property/pop2010census	4.0
75154185_0_1607627349983289012.tar.gz.csv	4	0.04063078213426049	http://dbpedia.org/property/data	4.0
75154185_0_1607627349983289012.tar.gz.csv	5	0.0352440546047959	http://dbpedia.org/ontology/wikiPageID	4.0
75154185_0_1607627349983289012.tar.gz.csv	6	0.03289974390489484	http://dbpedia.org/property/votes	4.0
75154185_0_1607627349983289012.tar.gz.csv	7	0.03062117629158387	http://dbpedia.org/property/populationTotal	4.0
75154185_0_1607627349983289012.tar.gz.csv	8	0.027992374376212596	http://dbpedia.org/ontology/populationTotal	4.0
75154185_0_1607627349983289012.tar.gz.csv	9	0.0260926991852436	http://dbpedia.org/property/stat1Data	4.0
75154185_0_1607627349983289012.tar.gz.csv	10	0.025706984696311892	http://dbpedia.org/property/areaDunam	4.0
76275868_0_4528346580716713695.tar.gz.csv	1	0.27747558336804234	http://dbpedia.org/ontology/populationTotal	1.0
76275868_0_4528346580716713695.tar.gz.csv	2	0.15872766145334594	http://dbpedia.org/property/statArea	1.0
76275868_0_4528346580716713695.tar.gz.csv	3	0.1214464837432953	http://dbpedia.org/property/pop	1.0
76275868_0_4528346580716713695.tar.gz.csv	4	0.10953447442860684	http://dbpedia.org/property/votes	1.0
76275868_0_4528346580716713695.tar.gz.csv	5	0.10892134889879397	http://dbpedia.org/property/partyVotes	1.0
76275868_0_4528346580716713695.tar.gz.csv	6	0.10833668713896961	http://dbpedia.org/property/height	1.0
76275868_0_4528346580716713695.tar.gz.csv	7	0.10775189288224792	http://dbpedia.org/property/width	1.0
76275868_0_4528346580716713695.tar.gz.csv	8	0.00774586904010677	http://dbpedia.org/property/populationCensus	1.0
76275868_0_4528346580716713695.tar.gz.csv	9	4.425820516473948e-05	http://dbpedia.org/property/statPop	1.0
76275868_0_4528346580716713695.tar.gz.csv	10	7.599564066620925e-06	http://dbpedia.org/property/gdpNominal	1.0
77632062_0_2292892375652659825.tar.gz.csv	1	0.18687339709530207	http://dbpedia.org/ontology/populationMetro	3.0
77632062_0_2292892375652659825.tar.gz.csv	2	0.12601126702912763	http://dbpedia.org/ontology/populationUrban	3.0
77632062_0_2292892375652659825.tar.gz.csv	3	0.0634157499221225	http://dbpedia.org/property/pop2010census	3.0
77632062_0_2292892375652659825.tar.gz.csv	4	0.04621394832123627	http://dbpedia.org/property/data	3.0
77632062_0_2292892375652659825.tar.gz.csv	5	0.03368613059021075	http://dbpedia.org/property/votes	3.0
77632062_0_2292892375652659825.tar.gz.csv	6	0.03092651167394523	http://dbpedia.org/property/populationTotal	3.0
77632062_0_2292892375652659825.tar.gz.csv	7	0.026921475139629045	http://dbpedia.org/ontology/populationTotal	3.0
77632062_0_2292892375652659825.tar.gz.csv	8	0.02480430810932776	http://dbpedia.org/property/stat1Data	3.0
77632062_0_2292892375652659825.tar.gz.csv	9	0.024340016858537702	http://dbpedia.org/property/areaDunam	3.0
77632062_0_2292892375652659825.tar.gz.csv	10	0.024323347498269136	http://dbpedia.org/property/2011Population	3.0
77632062_0_2292892375652659825.tar.gz.csv	1	0.17910738518422914	http://dbpedia.org/ontology/populationMetro	4.0
77632062_0_2292892375652659825.tar.gz.csv	2	0.08591843862295925	http://dbpedia.org/ontology/populationUrban	4.0
77632062_0_2292892375652659825.tar.gz.csv	3	0.051112570776858414	http://dbpedia.org/ontology/wikiPageID	4.0
77632062_0_2292892375652659825.tar.gz.csv	4	0.045036960780578526	http://dbpedia.org/property/pop2010census	4.0
77632062_0_2292892375652659825.tar.gz.csv	5	0.03819628094730342	http://dbpedia.org/property/data	4.0
77632062_0_2292892375652659825.tar.gz.csv	6	0.031838037054688156	http://dbpedia.org/property/votes	4.0
77632062_0_2292892375652659825.tar.gz.csv	7	0.029148145948141576	http://dbpedia.org/property/populationTotal	4.0
77632062_0_2292892375652659825.tar.gz.csv	8	0.02739813673524046	http://dbpedia.org/ontology/populationTotal	4.0
77632062_0_2292892375652659825.tar.gz.csv	9	0.025143862767784565	http://dbpedia.org/property/stat1Data	4.0
77632062_0_2292892375652659825.tar.gz.csv	10	0.024709671788650498	http://dbpedia.org/property/2011Population	4.0
78891639_0_3299957631631122948.tar.gz.csv	1	0.18952171827230122	http://dbpedia.org/ontology/populationMetro	3.0
78891639_0_3299957631631122948.tar.gz.csv	2	0.12507486210866683	http://dbpedia.org/ontology/populationUrban	3.0
78891639_0_3299957631631122948.tar.gz.csv	3	0.06268887822030092	http://dbpedia.org/property/pop2010census	3.0
78891639_0_3299957631631122948.tar.gz.csv	4	0.04587133296870045	http://dbpedia.org/property/data	3.0
78891639_0_3299957631631122948.tar.gz.csv	5	0.03354890529066482	http://dbpedia.org/property/votes	3.0
78891639_0_3299957631631122948.tar.gz.csv	6	0.030795656388465584	http://dbpedia.org/property/populationTotal	3.0
78891639_0_3299957631631122948.tar.gz.csv	7	0.0268575984750385	http://dbpedia.org/ontology/populationTotal	3.0
78891639_0_3299957631631122948.tar.gz.csv	8	0.02474185599964296	http://dbpedia.org/property/stat1Data	3.0
78891639_0_3299957631631122948.tar.gz.csv	9	0.024278792659356608	http://dbpedia.org/property/areaDunam	3.0
78891639_0_3299957631631122948.tar.gz.csv	10	0.0242634415520888	http://dbpedia.org/property/2011Population	3.0
78891639_0_3299957631631122948.tar.gz.csv	1	0.17427124327969787	http://dbpedia.org/ontology/populationMetro	4.0
78891639_0_3299957631631122948.tar.gz.csv	2	0.08693589955732169	http://dbpedia.org/ontology/populationUrban	4.0
78891639_0_3299957631631122948.tar.gz.csv	3	0.04714785376888256	http://dbpedia.org/property/pop2010census	4.0
78891639_0_3299957631631122948.tar.gz.csv	4	0.04300710874111815	http://dbpedia.org/ontology/wikiPageID	4.0
78891639_0_3299957631631122948.tar.gz.csv	5	0.03932588619262183	http://dbpedia.org/property/data	4.0
78891639_0_3299957631631122948.tar.gz.csv	6	0.03236028446664639	http://dbpedia.org/property/votes	4.0
78891639_0_3299957631631122948.tar.gz.csv	7	0.029872236546515565	http://dbpedia.org/property/populationTotal	4.0
78891639_0_3299957631631122948.tar.gz.csv	8	0.02771585606915897	http://dbpedia.org/ontology/populationTotal	4.0
78891639_0_3299957631631122948.tar.gz.csv	9	0.025635790577316582	http://dbpedia.org/property/stat1Data	4.0
78891639_0_3299957631631122948.tar.gz.csv	10	0.025222978200509092	http://dbpedia.org/property/2011Population	4.0
8009320_0_5507755752653817624.tar.gz.csv	1	0.06557296951920188	http://dbpedia.org/property/janPrecipitationMm	1.0
8009320_0_5507755752653817624.tar.gz.csv	2	0.0613273559726326	http://dbpedia.org/property/junPrecipitationMm	1.0
8009320_0_5507755752653817624.tar.gz.csv	3	0.04542113940756039	http://dbpedia.org/property/febPrecipitationMm	1.0
8009320_0_5507755752653817624.tar.gz.csv	4	0.03909194374024094	http://dbpedia.org/property/julPrecipitationMm	1.0
8009320_0_5507755752653817624.tar.gz.csv	5	0.03886395690198665	http://dbpedia.org/property/marPrecipitationMm	1.0
8009320_0_5507755752653817624.tar.gz.csv	6	0.03394772749219038	http://dbpedia.org/property/mayPrecipitationMm	1.0
8009320_0_5507755752653817624.tar.gz.csv	7	0.03352678577499262	http://dbpedia.org/property/decPrecipitationMm	1.0
8009320_0_5507755752653817624.tar.gz.csv	8	0.029388856129698496	http://dbpedia.org/property/populationCensusRank	1.0
8009320_0_5507755752653817624.tar.gz.csv	9	0.02839759530654381	http://dbpedia.org/property/augPrecipitationMm	1.0
8009320_0_5507755752653817624.tar.gz.csv	10	0.025819773151384943	http://www.w3.org/2003/01/geo/wgs84_pos#long	1.0
8009320_0_5507755752653817624.tar.gz.csv	1	0.045977700974771905	http://dbpedia.org/property/yearLeader	2.0
8009320_0_5507755752653817624.tar.gz.csv	2	0.04557301698324755	http://dbpedia.org/property/area	2.0
8009320_0_5507755752653817624.tar.gz.csv	3	0.03596887223682708	http://dbpedia.org/property/populationDensityRank	2.0
8009320_0_5507755752653817624.tar.gz.csv	4	0.01090392320477494	http://dbpedia.org/property/gdpPppPerCapita	2.0
8009320_0_5507755752653817624.tar.gz.csv	5	0.010902109155580757	http://dbpedia.org/property/electors	2.0
8009320_0_5507755752653817624.tar.gz.csv	6	0.010718222103383917	http://dbpedia.org/property/longm	2.0
8009320_0_5507755752653817624.tar.gz.csv	7	0.010244217978326066	http://dbpedia.org/property/latm	2.0
8009320_0_5507755752653817624.tar.gz.csv	8	0.010132929172853775	http://dbpedia.org/property/fsi	2.0
8009320_0_5507755752653817624.tar.gz.csv	9	0.010132004667099452	http://dbpedia.org/property/statYear	2.0
8009320_0_5507755752653817624.tar.gz.csv	10	0.010128798234549763	http://dbpedia.org/ontology/dissolutionYear	2.0
8009320_0_5507755752653817624.tar.gz.csv	1	0.2359879629093002	http://dbpedia.org/property/statArea	3.0
8009320_0_5507755752653817624.tar.gz.csv	2	0.16120466963280458	http://dbpedia.org/property/pop	3.0
8009320_0_5507755752653817624.tar.gz.csv	3	0.13711232772481358	http://dbpedia.org/property/votes	3.0
8009320_0_5507755752653817624.tar.gz.csv	4	0.13555861699635102	http://dbpedia.org/property/partyVotes	3.0
8009320_0_5507755752653817624.tar.gz.csv	5	0.13499029408147825	http://dbpedia.org/property/height	3.0
8009320_0_5507755752653817624.tar.gz.csv	6	0.13375606655605152	http://dbpedia.org/property/width	3.0
8009320_0_5507755752653817624.tar.gz.csv	7	0.05780121344435268	http://dbpedia.org/ontology/populationTotal	3.0
8009320_0_5507755752653817624.tar.gz.csv	8	0.0035554076218286355	http://dbpedia.org/property/populationCensus	3.0
8009320_0_5507755752653817624.tar.gz.csv	9	2.459654665324115e-05	http://dbpedia.org/property/statPop	3.0
8009320_0_5507755752653817624.tar.gz.csv	10	4.266037692025854e-06	http://dbpedia.org/property/gdpNominal	3.0
8468806_0_4382447409703007384.tar.gz.csv	1	0.08791136865820993	http://dbpedia.org/ontology/elevation	3.0
8468806_0_4382447409703007384.tar.gz.csv	2	0.05247100914475274	http://dbpedia.org/ontology/Lake/shoreLength	3.0
8468806_0_4382447409703007384.tar.gz.csv	3	0.028276427267638893	http://dbpedia.org/property/length	3.0
8468806_0_4382447409703007384.tar.gz.csv	4	0.027537275418157474	http://dbpedia.org/property/width	3.0
8468806_0_4382447409703007384.tar.gz.csv	5	0.02704006385562033	http://dbpedia.org/property/imageSize	3.0
8468806_0_4382447409703007384.tar.gz.csv	6	0.026121496776850942	http://dbpedia.org/ontology/maximumDepth	3.0
8468806_0_4382447409703007384.tar.gz.csv	7	0.025109138200056804	http://dbpedia.org/property/longd	3.0
8468806_0_4382447409703007384.tar.gz.csv	8	0.02499452913507	http://dbpedia.org/property/longD	3.0
8468806_0_4382447409703007384.tar.gz.csv	9	0.02496218889751325	http://dbpedia.org/property/lonDeg	3.0
8468806_0_4382447409703007384.tar.gz.csv	10	0.024945978093050866	http://dbpedia.org/ontology/averageDepth	3.0
86297395_0_6919201319699354263.tar.gz.csv	1	0.09005410948567669	http://dbpedia.org/ontology/PopulatedPlace/populationDensity	1.0
86297395_0_6919201319699354263.tar.gz.csv	2	0.09005410858488222	http://dbpedia.org/ontology/populationDensity	1.0
86297395_0_6919201319699354263.tar.gz.csv	3	0.048695296978523664	http://dbpedia.org/ontology/PopulatedPlace/areaTotal	1.0
86297395_0_6919201319699354263.tar.gz.csv	4	0.014119907056332778	http://dbpedia.org/property/area	1.0
86297395_0_6919201319699354263.tar.gz.csv	5	0.013671024468611015	http://dbpedia.org/property/yearLeader	1.0
86297395_0_6919201319699354263.tar.gz.csv	6	0.01194965434787098	http://dbpedia.org/property/populationDensityRank	1.0
86297395_0_6919201319699354263.tar.gz.csv	7	0.008638340010026276	http://dbpedia.org/property/longm	1.0
86297395_0_6919201319699354263.tar.gz.csv	8	0.008635510258645564	http://dbpedia.org/property/gdpPppPerCapita	1.0
86297395_0_6919201319699354263.tar.gz.csv	9	0.008582085477243404	http://dbpedia.org/property/electors	1.0
86297395_0_6919201319699354263.tar.gz.csv	10	0.008531068968810661	http://dbpedia.org/property/latm	1.0
86297395_0_6919201319699354263.tar.gz.csv	1	0.699919764296261	http://dbpedia.org/ontology/populationTotal	4.0
86297395_0_6919201319699354263.tar.gz.csv	2	0.05952599561063192	http://dbpedia.org/property/statArea	4.0
86297395_0_6919201319699354263.tar.gz.csv	3	0.049487448625166144	http://dbpedia.org/property/pop	4.0
86297395_0_6919201319699354263.tar.gz.csv	4	0.04605148276959493	http://dbpedia.org/property/votes	4.0
86297395_0_6919201319699354263.tar.gz.csv	5	0.04588011438034345	http://dbpedia.org/property/partyVotes	4.0
86297395_0_6919201319699354263.tar.gz.csv	6	0.04569207944699883	http://dbpedia.org/property/height	4.0
86297395_0_6919201319699354263.tar.gz.csv	7	0.045521431043123874	http://dbpedia.org/property/width	4.0
86297395_0_6919201319699354263.tar.gz.csv	8	0.007871411296577051	http://dbpedia.org/property/populationCensus	4.0
86297395_0_6919201319699354263.tar.gz.csv	9	3.7175610811496206e-05	http://dbpedia.org/property/statPop	4.0
86297395_0_6919201319699354263.tar.gz.csv	10	6.329599410734984e-06	http://dbpedia.org/property/gdpNominal	4.0
86627271_6_2239821927452848323.tar.gz.csv	1	0.36311007154166924	http://dbpedia.org/ontology/elevation	1.0
86627271_6_2239821927452848323.tar.gz.csv	2	0.06542022222632264	http://dbpedia.org/ontology/Lake/shoreLength	1.0
86627271_6_2239821927452848323.tar.gz.csv	3	0.0226163612221652	http://dbpedia.org/property/length	1.0
86627271_6_2239821927452848323.tar.gz.csv	4	0.019853830052895493	http://dbpedia.org/property/width	1.0
86627271_6_2239821927452848323.tar.gz.csv	5	0.01881635494756349	http://dbpedia.org/ontology/maximumDepth	1.0
86627271_6_2239821927452848323.tar.gz.csv	6	0.018491335652716188	http://dbpedia.org/property/imageSize	1.0
86627271_6_2239821927452848323.tar.gz.csv	7	0.017050460263974897	http://dbpedia.org/ontology/averageDepth	1.0
86627271_6_2239821927452848323.tar.gz.csv	8	0.01696679732276486	http://dbpedia.org/property/longd	1.0
86627271_6_2239821927452848323.tar.gz.csv	9	0.016831000682999985	http://dbpedia.org/property/longD	1.0
86627271_6_2239821927452848323.tar.gz.csv	10	0.016734397702224627	http://dbpedia.org/property/lonDeg	1.0
86627271_6_2239821927452848323.tar.gz.csv	1	0.44391429769136104	http://dbpedia.org/ontology/elevation	2.0
86627271_6_2239821927452848323.tar.gz.csv	2	0.06284885562346808	http://dbpedia.org/ontology/Lake/shoreLength	2.0
86627271_6_2239821927452848323.tar.gz.csv	3	0.01918329498806271	http://dbpedia.org/property/length	2.0
86627271_6_2239821927452848323.tar.gz.csv	4	0.016849471213728564	http://dbpedia.org/property/width	2.0
86627271_6_2239821927452848323.tar.gz.csv	5	0.016122001599055566	http://dbpedia.org/ontology/maximumDepth	2.0
86627271_6_2239821927452848323.tar.gz.csv	6	0.015756883007536894	http://dbpedia.org/property/imageSize	2.0
86627271_6_2239821927452848323.tar.gz.csv	7	0.01470010435497437	http://dbpedia.org/ontology/averageDepth	2.0
86627271_6_2239821927452848323.tar.gz.csv	8	0.014600971105318274	http://dbpedia.org/property/longd	2.0
86627271_6_2239821927452848323.tar.gz.csv	9	0.01449391702208596	http://dbpedia.org/property/longD	2.0
86627271_6_2239821927452848323.tar.gz.csv	10	0.01441204233466871	http://dbpedia.org/property/lonDeg	2.0
86627271_6_2239821927452848323.tar.gz.csv	1	0.19161943600225245	http://dbpedia.org/property/width	3.0
86627271_6_2239821927452848323.tar.gz.csv	2	0.04352092648840281	http://dbpedia.org/property/longd	3.0
86627271_6_2239821927452848323.tar.gz.csv	3	0.03952921813545454	http://dbpedia.org/property/lonDeg	3.0
86627271_6_2239821927452848323.tar.gz.csv	4	0.03952368165071973	http://dbpedia.org/property/longD	3.0
86627271_6_2239821927452848323.tar.gz.csv	5	0.034496527544743624	http://dbpedia.org/ontology/maximumDepth	3.0
86627271_6_2239821927452848323.tar.gz.csv	6	0.029721550998274726	http://dbpedia.org/ontology/height	3.0
86627271_6_2239821927452848323.tar.gz.csv	7	0.02971810217746028	http://dbpedia.org/property/mouthLongD	3.0
86627271_6_2239821927452848323.tar.gz.csv	8	0.029413979102780655	http://dbpedia.org/property/imageSize	3.0
86627271_6_2239821927452848323.tar.gz.csv	9	0.026505312038198083	http://dbpedia.org/ontology/averageDepth	3.0
86627271_6_2239821927452848323.tar.gz.csv	10	0.025496847094341534	http://www.w3.org/2003/01/geo/wgs84_pos#lat	3.0
88353875_0_4876234304797064286.tar.gz.csv	1	0.07727181395319214	http://dbpedia.org/ontology/eruptionYear	2.0
88353875_0_4876234304797064286.tar.gz.csv	2	0.044794633182919305	http://dbpedia.org/ontology/maximumElevation	2.0
88353875_0_4876234304797064286.tar.gz.csv	3	0.034059417659536025	http://dbpedia.org/ontology/elevation	2.0
88353875_0_4876234304797064286.tar.gz.csv	4	0.015857951446624646	http://dbpedia.org/ontology/prominence	2.0
88353875_0_4876234304797064286.tar.gz.csv	5	0.014088498239676445	http://dbpedia.org/property/photoSize	2.0
88353875_0_4876234304797064286.tar.gz.csv	6	0.013519937351823712	http://dbpedia.org/property/width	2.0
88353875_0_4876234304797064286.tar.gz.csv	7	0.012551383857901499	http://dbpedia.org/property/augPrecipitationMm	2.0
88353875_0_4876234304797064286.tar.gz.csv	8	0.012550828456961614	http://dbpedia.org/property/julPrecipitationMm	2.0
88353875_0_4876234304797064286.tar.gz.csv	9	0.012478778078513981	http://dbpedia.org/property/junPrecipitationMm	2.0
88353875_0_4876234304797064286.tar.gz.csv	10	0.012259204600880634	http://dbpedia.org/property/mayPrecipitationMm	2.0
88732174_0_7321365014357502211.tar.gz.csv	1	0.4093666382203714	http://dbpedia.org/property/num	2.0
88732174_0_7321365014357502211.tar.gz.csv	2	0.2115311010377765	http://dbpedia.org/property/caps	2.0
88732174_0_7321365014357502211.tar.gz.csv	3	0.1844118517058428	http://dbpedia.org/property/conference	2.0
88732174_0_7321365014357502211.tar.gz.csv	4	0.09981632882958952	http://dbpedia.org/property/goals	2.0
88732174_0_7321365014357502211.tar.gz.csv	5	0.09486720777616796	http://dbpedia.org/property/month	2.0
88732174_0_7321365014357502211.tar.gz.csv	6	6.8724302519148746e-06	http://dbpedia.org/property/season	2.0
88732174_0_7321365014357502211.tar.gz.csv	7	2.297421774092127e-25	http://dbpedia.org/property/date	2.0
90593344_0_8311455501234425088.tar.gz.csv	1	0.0776909167072909	http://dbpedia.org/ontology/eruptionYear	3.0
90593344_0_8311455501234425088.tar.gz.csv	2	0.04487382385481384	http://dbpedia.org/ontology/maximumElevation	3.0
90593344_0_8311455501234425088.tar.gz.csv	3	0.03445987882592866	http://dbpedia.org/ontology/elevation	3.0
90593344_0_8311455501234425088.tar.gz.csv	4	0.015852278147972597	http://dbpedia.org/ontology/prominence	3.0
90593344_0_8311455501234425088.tar.gz.csv	5	0.014063042944774682	http://dbpedia.org/property/photoSize	3.0
90593344_0_8311455501234425088.tar.gz.csv	6	0.013498792243414996	http://dbpedia.org/property/width	3.0
90593344_0_8311455501234425088.tar.gz.csv	7	0.012534931026349437	http://dbpedia.org/property/augPrecipitationMm	3.0
90593344_0_8311455501234425088.tar.gz.csv	8	0.012534867221668263	http://dbpedia.org/property/julPrecipitationMm	3.0
90593344_0_8311455501234425088.tar.gz.csv	9	0.012463181651180604	http://dbpedia.org/property/junPrecipitationMm	3.0
90593344_0_8311455501234425088.tar.gz.csv	10	0.012243280700636917	http://dbpedia.org/property/mayPrecipitationMm	3.0
91474256_0_964747655387573523.tar.gz.csv	1	0.19837693477726934	http://dbpedia.org/ontology/populationMetro	3.0
91474256_0_964747655387573523.tar.gz.csv	2	0.1510892781098381	http://dbpedia.org/ontology/populationUrban	3.0
91474256_0_964747655387573523.tar.gz.csv	3	0.06467927849118982	http://dbpedia.org/property/pop2010census	3.0
91474256_0_964747655387573523.tar.gz.csv	4	0.04645233439395647	http://dbpedia.org/property/data	3.0
91474256_0_964747655387573523.tar.gz.csv	5	0.033086784016727884	http://dbpedia.org/property/votes	3.0
91474256_0_964747655387573523.tar.gz.csv	6	0.029695418621481413	http://dbpedia.org/property/populationTotal	3.0
91474256_0_964747655387573523.tar.gz.csv	7	0.0259266058575055	http://dbpedia.org/ontology/populationTotal	3.0
91474256_0_964747655387573523.tar.gz.csv	8	0.0234329663454526	http://dbpedia.org/property/stat1Data	3.0
91474256_0_964747655387573523.tar.gz.csv	9	0.022886406119665942	http://dbpedia.org/property/2011Population	3.0
91474256_0_964747655387573523.tar.gz.csv	10	0.022864910500707245	http://dbpedia.org/property/areaDunam	3.0
91474256_0_964747655387573523.tar.gz.csv	1	0.23368516377866588	http://dbpedia.org/ontology/populationMetro	4.0
91474256_0_964747655387573523.tar.gz.csv	2	0.09389687124236525	http://dbpedia.org/ontology/populationUrban	4.0
91474256_0_964747655387573523.tar.gz.csv	3	0.04310731053459001	http://dbpedia.org/property/pop2010census	4.0
91474256_0_964747655387573523.tar.gz.csv	4	0.04173470774138275	http://dbpedia.org/ontology/wikiPageID	4.0
91474256_0_964747655387573523.tar.gz.csv	5	0.036550035231414785	http://dbpedia.org/property/data	4.0
91474256_0_964747655387573523.tar.gz.csv	6	0.03025327176447006	http://dbpedia.org/property/votes	4.0
91474256_0_964747655387573523.tar.gz.csv	7	0.027182054125055713	http://dbpedia.org/property/populationTotal	4.0
91474256_0_964747655387573523.tar.gz.csv	8	0.025752023720493605	http://dbpedia.org/ontology/populationTotal	4.0
91474256_0_964747655387573523.tar.gz.csv	9	0.0232337806216056	http://dbpedia.org/property/stat1Data	4.0
91474256_0_964747655387573523.tar.gz.csv	10	0.02275961190425589	http://dbpedia.org/property/2011Population	4.0
91959037_0_7907661684242014480.tar.gz.csv	1	0.5470242199635565	http://dbpedia.org/ontology/numberOfSeasons	3.0
91959037_0_7907661684242014480.tar.gz.csv	2	0.17494073417420758	http://dbpedia.org/property/visitor	3.0
91959037_0_7907661684242014480.tar.gz.csv	3	0.16765843113950185	http://dbpedia.org/property/gtm	3.0
91959037_0_7907661684242014480.tar.gz.csv	4	0.08204021190333632	http://dbpedia.org/property/h	3.0
91959037_0_7907661684242014480.tar.gz.csv	5	0.006837663544567204	http://dbpedia.org/property/rd1Score	3.0
91959037_0_7907661684242014480.tar.gz.csv	6	0.006223651769655993	http://dbpedia.org/property/rd2Score	3.0
91959037_0_7907661684242014480.tar.gz.csv	7	0.0055046457542164105	http://dbpedia.org/property/aux	3.0
91959037_0_7907661684242014480.tar.gz.csv	8	0.004089459068132465	http://dbpedia.org/property/memory	3.0
91959037_0_7907661684242014480.tar.gz.csv	9	0.0025946402602127308	http://dbpedia.org/ontology/numberOfEpisodes	3.0
91959037_0_7907661684242014480.tar.gz.csv	10	0.0025612741380387615	http://dbpedia.org/property/visitorTotal	3.0
9206866_1_8114610355671172497.tar.gz.csv	1	0.3157145742589197	http://dbpedia.org/ontology/populationTotal	4.0
9206866_1_8114610355671172497.tar.gz.csv	2	0.1478511087688399	http://dbpedia.org/property/statArea	4.0
9206866_1_8114610355671172497.tar.gz.csv	3	0.1148863622723439	http://dbpedia.org/property/pop	4.0
9206866_1_8114610355671172497.tar.gz.csv	4	0.10411251034394728	http://dbpedia.org/property/votes	4.0
9206866_1_8114610355671172497.tar.gz.csv	5	0.10354519641757848	http://dbpedia.org/property/partyVotes	4.0
9206866_1_8114610355671172497.tar.gz.csv	6	0.10303057899720475	http://dbpedia.org/property/height	4.0
9206866_1_8114610355671172497.tar.gz.csv	7	0.10249602033350054	http://dbpedia.org/property/width	4.0
9206866_1_8114610355671172497.tar.gz.csv	8	0.008300389934155017	http://dbpedia.org/property/populationCensus	4.0
9206866_1_8114610355671172497.tar.gz.csv	9	4.66715481074384e-05	http://dbpedia.org/property/statPop	4.0
9206866_1_8114610355671172497.tar.gz.csv	10	8.009179480797926e-06	http://dbpedia.org/property/gdpNominal	4.0
9475172_1_1023126399856690702.tar.gz.csv	1	0.29669975044520575	http://dbpedia.org/property/dvrv	2.0
9475172_1_1023126399856690702.tar.gz.csv	2	0.276795855477086	http://dbpedia.org/ontology/wheelbase	2.0
9475172_1_1023126399856690702.tar.gz.csv	3	0.20756631390660935	http://dbpedia.org/property/courseKm	2.0
9475172_1_1023126399856690702.tar.gz.csv	4	0.03533721174008394	http://dbpedia.org/property/courseMi	2.0
9475172_1_1023126399856690702.tar.gz.csv	5	0.02520584899171873	http://dbpedia.org/property/rs	2.0
9475172_1_1023126399856690702.tar.gz.csv	6	0.021292615178274292	http://dbpedia.org/property/spanIn	2.0
9475172_1_1023126399856690702.tar.gz.csv	7	0.01763595738769055	http://dbpedia.org/property/dvr	2.0
9475172_1_1023126399856690702.tar.gz.csv	8	0.01576640273735851	http://dbpedia.org/property/imageUpright	2.0
9475172_1_1023126399856690702.tar.gz.csv	9	0.015740098208717208	http://dbpedia.org/property/finale	2.0
9475172_1_1023126399856690702.tar.gz.csv	10	0.011689161614522861	http://dbpedia.org/property/numberOfLegs	2.0
97941125_0_8220652154649529701.tar.gz.csv	1	0.44593202620450756	http://dbpedia.org/property/width	3.0
97941125_0_8220652154649529701.tar.gz.csv	2	0.20606739055788453	http://dbpedia.org/property/isoNumber	3.0
97941125_0_8220652154649529701.tar.gz.csv	3	0.18178382079705463	http://dbpedia.org/property/imageWidth	3.0
97941125_0_8220652154649529701.tar.gz.csv	4	0.16537428086416614	http://dbpedia.org/property/cheight	3.0
97941125_0_8220652154649529701.tar.gz.csv	5	0.0008424814110058132	http://dbpedia.org/property/attendance	3.0
97941125_0_8220652154649529701.tar.gz.csv	6	1.653812625827252e-10	http://dbpedia.org/property/inflationRate	3.0
99070098_0_2074872741302696997.tar.gz.csv	1	0.07730631369975292	http://dbpedia.org/ontology/eruptionYear	2.0
99070098_0_2074872741302696997.tar.gz.csv	2	0.04480523804572447	http://dbpedia.org/ontology/maximumElevation	2.0
99070098_0_2074872741302696997.tar.gz.csv	3	0.03407313038031803	http://dbpedia.org/ontology/elevation	2.0
99070098_0_2074872741302696997.tar.gz.csv	4	0.01585815242821713	http://dbpedia.org/ontology/prominence	2.0
99070098_0_2074872741302696997.tar.gz.csv	5	0.01408734410529008	http://dbpedia.org/property/photoSize	2.0
99070098_0_2074872741302696997.tar.gz.csv	6	0.013518953869958791	http://dbpedia.org/property/width	2.0
99070098_0_2074872741302696997.tar.gz.csv	7	0.012550532649605784	http://dbpedia.org/property/augPrecipitationMm	2.0
99070098_0_2074872741302696997.tar.gz.csv	8	0.012550007583396338	http://dbpedia.org/property/julPrecipitationMm	2.0
99070098_0_2074872741302696997.tar.gz.csv	9	0.012477968576998474	http://dbpedia.org/property/junPrecipitationMm	2.0
99070098_0_2074872741302696997.tar.gz.csv	10	0.01225834088236116	http://dbpedia.org/property/mayPrecipitationMm	2.0
